标题,链接,日期,摘要,正文,发布来源,发布时间,爬取页码
深度关注丨以铁的纪律狠刹歪风邪气,http://www.ccdi.gov.cn/toutiaon/202504/t20250428_419863.html,2025-04-28 06:30,无摘要,中央纪委国家监委网站 陆丽环 王卓 福建省石狮市纪委监委紧盯违规公款消费、违规收送礼品礼金等问题，深入辖区酒店、餐馆、茶叶店等场所开展监督检查。图为近日，该市纪检监察干部在辖区某酒店走访了解有关情况。林志成 摄 “五一”将至，浙江省金华市婺城区纪委监委坚守节点，对重点场所、重要领域和关键环节开展监督检查，打好纠治“四风”组合拳。图为该区纪委监委联合审计、财政等部门对某单位“三公”经费使用和津补贴发放情况进行抽查。楼婷 摄 日前，中央纪委国家监委对10起违反中央八项规定精神典型问题进行公开通报，这些问题的发生，再一次说明“四风”问题顽固复杂，必须严抓不放、常抓不懈。在“五一”节前公开通报违反中央八项规定精神典型问题，释放出纪检监察机关用好通报曝光这一行之有效的经验做法，以铁的纪律狠刹歪风邪气，持之以恒纠治“四风”的强烈信号。 “四风”问题隐形变异、顽固反复，顶风违纪问题仍时有发生 当前，一些不正之风面上有所收敛，但树倒根存、顽固反复，顶风违纪、隐形变异问题时有发生。 梳理此次通报的10起案例可以看到，少数党员领导干部顶风违纪，在党的二十大后仍然不收敛不收手。如2013年至2024年，农业农村部原党组书记、部长唐仁健，多次接受私营企业主、地方党政领导干部安排的宴请，饮用高档酒水，相关费用由对方支付；直接或者通过家人违规收受私营企业主、管理和服务对象所送现金、黄金纪念章等。再如，2017年至2024年，中国航天科工集团有限公司航天三江发展计划部原副部长谢永丰，多次接受可能影响公正执行公务的宴请、旅游等安排，多次违规收受管理和服务对象所送礼品、消费卡（券）。 隐形变异“四风”问题易发多发，有的以学习考察名义公款旅游，有的到内部场所吃喝。如2024年4月，青海省海东市民和县人大常委会原党组书记、主任朵海生，将民和县委批准的赴云南省培训改为“考察学习”，以规避赴省外培训需上级组织审核的规定；擅自变更培训方案内容，要求第三方培训机构在行程安排中多设置旅游景点，以考察学习为名组织公款旅游。再如，中国农业银行湖南省分行原副巡视员蒋祁于2013年至2024年，经常在酒店、企业内部食堂、私营企业主家中等场所，与信贷客户、下属等吃喝、打牌，相关费用由对方支付。 形式主义、官僚主义问题顽固多发，有的不作为、乱作为；有的急功近利、好大喜功，脱离实际乱决策。如2022年至2024年，云南省昆明市五华区自然资源局原党组书记、局长和毅漠视企业利益、违规设置审批壁垒、不作为乱作为。江西省抚州市科学技术协会原党组书记、主席刘俊福担任抚州市临川温泉景区党工委书记期间，不加论证短期内盲目引进打着生态发展等旗号的“特色小镇”项目，投入大量资金搞配套基础设施建设。因脱离当地发展实际，上述特色小镇项目大面积烂尾，造成土地闲置、资金浪费。 公款姓公，一分一厘都不能乱花。通报案例中，有的违反过紧日子要求，挥霍浪费公款。如2021年至2023年，国家统计局辽宁调查总队一级巡视员赵贵军担任国家统计局内蒙古调查总队党组书记、总队长期间，连续3年组织举办系统内球类比赛，系统内数百人次乘坐飞机、火车等赴异地参赛，产生大量交通费、住宿费，大部分费用从项目经费、行政经费中违规支出，挥霍浪费公款。 紧盯“四风”特点规律，精准把握、靶向纠治 二十届中央纪委四次全会对锲而不舍落实中央八项规定精神，一严到底纠治“四风”作出部署。各级纪检监察机关精准把握“四风”问题特点规律，靶向纠治顽瘴痼疾。 风腐交织是现阶段党风廉政建设和反腐败斗争要着力解决的突出问题，必须深入推进风腐同查同治，着力构建由腐纠风工作链、斩断由风及腐利益链。 通报中出现的“在酒店、企业内部食堂、私营企业主家中等场所，与信贷客户、下属等吃喝、打牌”“培训改为‘考察学习’，以规避赴省外培训需上级组织审核的规定”等问题表明，针对“四风”隐形变异，各级纪检监察机关要注重创新监督方式，用好科技手段，严防严纠、深挖细查，哪怕不正之风有千般变化，也要坚决揪出来。 从通报的对象看，既有省部级领导干部，也有县处级党员干部，所涉领域包括党政机关、国有企业等。严肃查处这些顶风违纪问题，充分彰显了无论职务高低，谁违反了中央八项规定精神就严肃处理谁的坚决态度。 聚焦节日期间易发多发的违规吃喝、违规收送礼品礼金、公款旅游等问题公开通报曝光，释放出对享乐奢靡歪风露头就打，对顶风违纪行为从严查处、对隐形变异问题深挖细查的强烈信号，给广大党员干部敲响了警钟。 强化监督执纪，以从严纠“风”筑牢中央八项规定堤坝 就在中央纪委国家监委公开通报10起违反中央八项规定精神典型问题的次日，山东、黑龙江、辽宁等地纪委监委分别对近期查处的违反中央八项规定精神典型问题进行了公开曝光。 记者查阅中央纪委国家监委网站发现，“五一”、端午节前夕，已有多个省份纪委监委对顶风违规吃喝、违规收送礼品礼金等问题严查快结、公开通报，释放一严到底纠治“四风”的强烈信号。 各级纪检监察机关一方面将顶风违纪行为作为惩治重点，始终保持零容忍的高压态势；另一方面，深挖细查隐形变异问题，穿透表象把握本质，使不正之风无所遁形。 高压态势下，违规收送礼品礼金问题改头换面、花样翻新，各级纪检监察机关坚持一个问题一个问题抓，强化监督执纪，坚决纠治隐形变异问题，以钉钉子精神推动纠治工作不断取得新成效。 从各地通报情况看，将违规收送礼品礼金披上人情“外衣”，借节点和操办婚丧喜庆事宜“瞒天过海”，是违纪行为的主要障眼法。如黑龙江省哈尔滨市人大常委会原党组成员、副主任马旦曰借传统节日、女儿结婚之机，违规收受多名管理和服务对象所送礼金；辽宁省交通高等专科学校原校长王彤借年节及其女儿结婚之机，多次收受私营企业主所送礼金和消费卡、白酒等礼品。 违规吃喝反复多发，一些老问题尚未得到根治，一些隐形变异等新情况新动向还在出现。通报的案例，体现了纪检监察机关精准把握、有力防治，对违规吃喝问题从严查处、毫不手软。 对“吃老板”“吃下级”等问题动真碰硬。例如，吉林省纪委监委通报的6起违反中央八项规定精神问题中，有3起涉及多次违规接受私营企业主在企业内部食堂安排的宴请，相关费用由私营企业主支付。此外，安徽省纪委监委的通报指出，安徽交通职业技术学院原党委委员、副院长李亮将公务接待安排到学院某工程承建企业项目部食堂，并多次接受该企业安排的公款宴请活动。 严肃纠治虚列公务接待、商务招待事项违规吃喝，“精致走账”等行为。在辽宁省纪委监委通报中，大连旅开房屋拆迁有限公司原董事长王明迪就存在采取虚列支出、虚报经费等方式套取公款，用于支付单位聚餐等费用的问题。 吃拿卡要、冷硬横推、违规收费等形式主义、官僚主义问题依然顽固多发，各级纪检监察机关对此严抓不放、常抓不懈，这在通报中也有体现。山东省纪委监委的通报中，有2起形式主义官僚主义典型案例，分别是巨野县大谢集镇党委原书记韩景银违规摊派费用、侵害群众利益问题，兰陵农业发展集团有限公司原党总支书记、董事长付成高搞“形象工程”“政绩工程”问题。通过抓典型案例强化震慑，以点带面推动整治，坚决遏制不正之风蔓延。 坚定信心保持定力，推进作风建设常态长效 抓好作风建设非一日之功，必须保持常抓的韧劲、长抓的耐心，在坚持中见常态，向制度建设要长效。 今年3月，党中央部署开展深入贯彻中央八项规定精神学习教育，要求推进作风建设常态化长效化，向全党宣示作风建设永远在路上，释放出一抓到底的强烈信号。 抓长，就是要持久抓、见长效。从体制机制上堵塞滋生不正之风的漏洞，以改革的办法固化作风建设成果，才能彻底走出“抓一抓就好一些，放一放就松下来”的怪圈。 不正之风和腐败问题相互交织。从近期各地通报的案例来看，全国查处的“四风”问题线索很多来源于审查调查工作，由腐纠风成为破解“四风”隐形变异、提高问题发现能力的有效途径。 推进风腐同查同治，既要在“查”上动真格，又要在“治”上见真章。不同地区、不同领域、不同层级“四风”问题不同，要建立健全分地区分领域常态化查摆整改机制，全面检视、找准问题、靶向纠治。 例如，广东省广州市纪委监委紧盯共性根源性问题，在推进案件查办过程中研判作风特点，分析作风问题背后的权力观、政绩观问题，摸查由风变腐、风腐一体特点，分析风腐演变的过程和形成路径。在案件移送审理的同时，办案部门会同党风政风监督室对被审查调查对象开展谈话，引导其剖析风腐问题产生根源、演变过程，聚焦行业性、区域性问题，有针对性地研究开展专项整治、行业治理。 制度建设是长远之策，一些作风问题反复发生，与制度机制不健全、不完善紧密相关。各地区各单位开展落实中央八项规定精神制度“回头看”，围绕因公出国（境）、考察调研、办公用房、公务用车、公务接待以及开会发文、督查检查考核等方面，查找制度短板，堵塞制度漏洞，确保规定立得住、行得通、管得了。 风腐一体典型案例的“活情况”是警示教育的“活教材”。纪检监察机关把强化纪律教育和弘扬新风正气统筹起来，深入挖掘涉案人员由风及腐、蜕化变质的历程，从正反两方面引导党员干部强化纪律意识，形成遵规守纪、崇廉拒腐的思想自觉和行动自觉，不断涵养浩然正气。记者了解到，通过分层分类召开警示教育大会、编印违纪违法案件警示录、印发典型案件通报、组织旁听庭审等方式，教育引导党员干部以案为鉴，推动纪律规矩入脑入心，已成为各级纪检监察机关深化以案促改促治的常态做法。 党风政风之变，直接影响民风社风之变。以风清气正的政治生态引领形成正气充盈的社会生态，才能振奋发展信心。纪检监察机关要坚持纠“四风”树新风并举，引导党员干部当好引领社会风尚的标杆，以实际行动带动全社会向上向善，汇聚推进中国式现代化建设的强大正能量。,,,1
广安观潮丨自觉把过紧日子作为常态要求,http://www.ccdi.gov.cn/pln/202504/t20250427_419685.html,2025-04-27 07:00,无摘要,中央纪委国家监委网站 李鹃 国家统计局辽宁调查总队一级巡视员赵贵军违反过紧日子要求挥霍浪费公款；青海省海东市民和县人大常委会原党组书记、主任朵海生以考察学习为名组织公款旅游……近日，中央纪委国家监委公开通报十起违反中央八项规定精神典型问题。从通报内容看，一些党员干部对过紧日子的重要性认识还不到位，公款享乐奢靡现象仍未绝迹，值得关注和警惕。 厉行勤俭节约是中央八项规定的重要方面。严肃查处违规公款吃喝、公车私用、公款旅游等问题，严控政府楼堂馆所建设，大幅压减“三公”经费支出和非急需非刚性支出……中央八项规定实施以来，各地各部门控制公务消费、反对铺张浪费，自觉把过紧日子作为常态化要求。 党中央反复强调党政机关要带头过紧日子，这不是权宜之计、一时之需，而是必须长期坚持的重要原则。前不久，中央部门集中公开2025年预算，多部门“三公”经费预算持续压减，体现了精打细算、节用裕民，自觉过紧日子的思想自觉和行动自觉。吃不穷、穿不穷，计划不到一世穷。无论什么时候，艰苦奋斗、勤俭节约的优良传统都不能丢。 二十届中央纪委四次全会工作报告要求，聚焦违规建设、奢华装修楼堂馆所，以调研考察、教育培训、党建活动名义公款旅游等顶风违纪问题，强化监督、专项治理，推动过紧日子成为党政机关常态。这明确了着力点和落脚点所在，也体现了鲜明的问题导向，具有强烈的现实针对性。 比如，违规建设、奢华装修楼堂馆所现象依然存在。早在2013年7月，中办、国办就印发了《关于党政机关停止新建楼堂馆所和清理办公用房的通知》。但仍有一些地方在楼堂馆所建设上搞攀比、讲排场、比阔气，前不久，河南省开封市杞县五里河镇通过国有企业垫付资金建设楼堂馆所新增隐性债务953.1万元、云南省昆明市富民县通过所属国有企业筹集资金建设楼堂馆所新增隐性债务1.69亿元等问题被公开通报。还有一些地方给楼堂馆所穿上“马甲”，打着加强党建的旗号，违规建设、豪华装修党校、党群服务中心、党建主题公园等。 再如，以调研考察、教育培训、党建活动名义公款旅游屡有发生。有的“顺道游”，在调研考察中安排大量与主题无关的参观活动；有的“借壳游”，以考察调研、现场教学等名义游山玩水；有的“搭车游”，擅自改变公务活动路线、行程或延长公务出差时间，并虚报住宿费、差旅费。 从各地查处和通报的违纪违法案例看，作风建设高压态势下，仍有一些党员干部觉得公家的钱“好花”，顶风违纪挥霍公帑。这其中有的是形式主义、官僚主义作祟，政绩观存在偏差，有的则是为了满足一己私欲、贪图个人享受。无论出于怎样的动因，都损害党群干群关系，人民群众十分反感，也和过紧日子的要求背道而驰。从这个意义上讲，纠治公款享乐奢靡问题，不只是经济账，也是关系人心向背的政治账。 对违反过紧日子要求的公款享乐奢靡问题必须露头就打、一严到底，把宝贵资金用在刀刃上，用在为民办实事、解难题上。坚决揪住伸向公款的任性之手，既要借力干部群众的“雪亮”眼睛，充分运用大数据、信息化手段，提升发现问题精准度，又要以规范“三公”经费管理为切入点，织密制度“防护网”，持续巩固深化治理成果。多管齐下、多措并举，推动各地区各单位把过紧日子的要求真正融入日常、做在经常。 对于党员干部而言，在严守底线、公私分明的同时，要自觉树牢过紧日子的思想。公私之间应如楚河汉界，泾渭分明。能否分清公与私的界限、经受公与私的考验，体现党性强弱，彰显价值追求。身为党员干部，当有“取一文，我为人不值一文”的操守，不用公款中饱私囊、满足私欲，不以“花公家钱不心疼”的心态肆意挥霍浪费。要以深入贯彻中央八项规定精神学习教育为契机，涤荡思想之尘、作风之弊、行为之垢，牢固树立“公款姓公”的意识，弄明白能干什么、不能干什么，凡事出于公心、践行勤俭节约，始终保持共产党人的政治本色。,,,1
中央纪委国家监委公开通报十起违反中央八项规定精神典型问题,http://www.ccdi.gov.cn/toutiaon/202504/t20250424_419135.html,2025-04-24 17:00,无摘要,中央纪委国家监委网站讯 “五一”将至，落实中央八项规定精神必须紧盯不放、寸步不让。日前，中央纪委国家监委对10起违反中央八项规定精神典型问题进行公开通报。具体如下： 农业农村部原党组书记、部长唐仁健接受可能影响公正执行公务的宴请和旅游活动安排，违规收受礼品、礼金问题。2013年至2024年，唐仁健多次接受私营企业主、地方党政领导干部安排的宴请，饮用高档酒水，相关费用由对方支付；多次接受私营企业主安排的旅游活动，相关费用由私营企业主支付；直接或者通过家人违规收受私营企业主、管理和服务对象所送现金、黄金纪念章等。唐仁健还存在其他严重违纪违法问题，被开除党籍、开除公职，涉嫌犯罪问题被移送检察机关依法审查起诉。 重庆市人大常委会原党组副书记、副主任，市总工会原主席郑洪违规接受私营企业主安排的宴请和高消费娱乐活动，违规组织公款宴请问题。2013年至2023年，郑洪本人或安排亲友多次在私营酒店免费吃喝，多次违规接受私营企业主安排的宴请，经常接受私营企业主安排的打高尔夫球活动，相关费用由私营企业主支付；多次违规组织公款宴请，安排酒店制作菜品送到其家中，相关费用均用公款支付。郑洪还存在其他严重违纪违法问题，被开除党籍，因受贿罪等被判处有期徒刑十五年。 中国农业银行湖南省分行原副巡视员蒋祁长期热衷酒局牌局、违规吃喝，违规收受礼品、礼金和操办婚丧喜庆问题。2013年至2024年，蒋祁经常在酒店、企业内部食堂、私营企业主家中等场所，与信贷客户、下属等吃喝、打牌，相关费用由对方支付；多次违规收受信贷客户、下属所送礼金和高档酒水、香烟、字画等礼品，有的礼金通过微信转账方式收受；多次将本人在酒店的个人消费交由下属支付，部分费用公款报销；在操办其父亲、岳母丧事以及女儿婚宴期间，违规收受下属所送礼金。蒋祁还存在其他严重违纪违法问题，被开除党籍、开除公职，涉嫌犯罪问题被移送检察机关依法审查起诉。 中国航天科工集团有限公司航天三江发展计划部原副部长谢永丰接受可能影响公正执行公务的宴请和旅游活动安排，违规收受礼品问题。2017年至2024年，谢永丰多次接受可能影响公正执行公务的宴请、旅游等安排，多次违规收受管理和服务对象所送礼品、消费卡（券）。谢永丰还存在其他严重违纪违法问题，被开除党籍、开除公职，涉嫌犯罪问题被移送检察机关依法审查起诉。 国家统计局辽宁调查总队一级巡视员赵贵军违反过紧日子要求挥霍浪费公款问题。2021年至2023年，赵贵军担任国家统计局内蒙古调查总队党组书记、总队长期间，连续3年组织举办系统内球类比赛，系统内数百人次乘坐飞机、火车等赴异地参赛，产生大量交通费、住宿费，大部分费用从项目经费、行政经费中违规支出，挥霍浪费公款。其间，还向参赛人员违规发放市内交通补助。赵贵军受到党内严重警告处分。 青海省海东市民和县人大常委会原党组书记、主任朵海生以考察学习为名组织公款旅游，违规接受管理和服务对象宴请，纵容、带头参与违规吃喝问题。2024年4月，朵海生将民和县委批准的赴云南省培训改为“考察学习”，以规避赴省外培训需上级组织审核的规定；擅自变更培训方案内容，要求第三方培训机构在行程安排中多设置旅游景点，以考察学习为名组织公款旅游。其间，朵海生多次接受参训的私营企业主、乡镇人员宴请，纵容和带头参与违规吃喝，导致学员多次聚餐饮酒。朵海生受到留党察看二年、政务撤职处分。 宁夏回族自治区银川市金凤区原区委副书记、区长张涛违规收受礼品问题。2020年，张涛多次违规收受私营企业主所送高档酒水、香烟等礼品。张涛还存在其他严重违纪违法问题，受到开除党籍、政务撤职处分。 江西省抚州市科学技术协会原党组书记、主席刘俊福盲目引进“特色小镇”项目，造成土地和资金浪费等问题。刘俊福担任抚州市临川温泉景区党工委书记期间，急功近利、好大喜功，不加论证短期内盲目引进打着生态发展等旗号的“特色小镇”项目，投入大量资金搞配套基础设施建设。因脱离当地发展实际，上述特色小镇项目大面积烂尾，造成土地闲置、资金浪费。刘俊福还存在其他严重违纪违法问题，被开除党籍、开除公职，涉嫌犯罪问题被移送检察机关依法审查起诉。 广东省惠州市惠阳区发展改革局党组成员、副局长罗金文应付式、形式化推进信用平台建设，浪费财政资金、加重基层负担等问题。2019年至2022年，罗金文负责全区农村信用信息管理平台建设工作，未开展平台建设需求调研即与企业签订建设合同，后续调研发现平台建设可操作性低、相关数据无法共享等问题后，未及时调整平台建设方案，应付式推进平台建设。为急于完成任务，明知平台不符合验收条件、无法实现预期功能，仍组织验收。验收后简单将平台交给试点乡镇开展信息录入工作，一交了之，未进行具体指导和管理。该平台形同虚设，没有产生预期效益，造成资金浪费，加重基层负担，最终被关闭。罗金文受到党内警告处分。 云南省昆明市五华区自然资源局原党组书记、局长和毅漠视企业利益、违规设置审批壁垒、不作为乱作为等问题。2022年至2024年，五华区自然资源局牵头办理某矿业公司采矿权延续申请审批事项，既未履行单位职责出具矿山生态环境综合评估书面审查意见，也未履行统筹协调职责督促各相关部门出具审查意见，而是让企业自行与多个部门对接，推诿扯皮、消极应付。在无政策规定情况下，人为设置行政审批门槛，要求企业就土地复垦方案征求街道办事处意见，并以街道办事处未出具意见为由，拒绝为企业办理土地复垦评审，导致企业无法按期提交必要资料，造成采矿权过期。在注销企业采矿权过程中，未按规定履行告知义务，未报经上级自然资源部门评估，擅自公告注销属省级发证权限的企业采矿权。和毅受到政务记过处分、调整职务处理。 中央纪委国家监委指出，上述通报的10起典型案例中，有的顶风违纪，在党的二十大后不收敛不收手；有的隐形变异，到内部场所吃喝、以学习考察名义公款旅游；有的搞形式主义、官僚主义，在政务服务、信息化建设等方面不作为、乱作为，涉及人员既有领导干部，也有年轻干部。这些问题的发生，再一次说明“四风”问题顽固复杂，必须严抓不放、常抓不懈。当前，全党正在开展深入贯彻中央八项规定精神学习教育，各级党组织和领导班子要认真学习领会习近平总书记关于加强党的作风建设的重要论述，学习研讨求深求实，查摆问题不遮不掩，集中整治真刀真枪，落实责任不折不扣，加强对领导干部、新提拔干部、年轻干部的教育管理监督，以钉钉子精神抓好作风建设。各级纪检监察机关要始终坚持零容忍，对违规吃喝、违规收送礼品礼金、借培训考察之名公款旅游等问题露头就打、一严到底，对学习教育期间顶风违纪行为严查快处、公开通报。要紧盯“面子工程”、脱离实际乱决策、层层加码、漠视侵害群众和企业合法权益等问题，深化整治、务求实效。要深入推进风腐同查同治，着力构建由腐纠风工作链、斩断由风及腐利益链，以“同查”严惩风腐交织问题，以“同治”铲除风腐共性根源。“五一”将至，要紧盯节日期间易发多发“四风”问题，畅通举报渠道，拓宽线索来源，健全明察暗访机制，及时发现、严肃查处违规违纪问题，着力营造风清气正的节日氛围。,,,1
深度关注丨寸步不让纠“四风”,http://www.ccdi.gov.cn/yaowenn/202501/t20250126_402822.html,2025-01-26 07:02,无摘要,盯牢节日期间易发多发老问题 瞄准隐形变异新苗头 寸步不让纠“四风” 中央纪委国家监委网站 李灵娜 薛鹏 农历春节临近，浙江省淳安县纪委监委坚守节点，组建专项督查组深入景区、酒店、商超等重点场所，加强监督检查、明察暗访，及时发现、严肃查处违规违纪行为。图为近日，该县纪检监察干部在千岛湖中心湖区码头走访了解有关情况。 谢航凯 摄 连日来，江苏省东海县纪委监委联合县作风办等部门组建专项督查组，深入辖区商超、土特产店以及机关企事业单位，对违规收送礼品礼金等节日期间易发多发“四风”问题开展专项监督，确保风清气正过节。图为专项督查组在当地一超市走访了解有关情况。徐丽 摄 习近平总书记在二十届中央纪委四次全会上发表重要讲话指出，始终坚持零容忍，把中央八项规定作为铁规矩、硬杠杠，严肃查处顶风违纪、隐形变异的“四风”问题，督促党员、干部坚决反对特权思想和特权现象，树牢正确权力观、政绩观、事业观。 山东省纪委监委公开曝光5起享乐主义、奢靡之风典型问题；江苏省纪委监委公开通报曝光5起违反中央八项规定精神典型问题……春节将至，必须坚守节点，以严的标准深入落实中央八项规定精神。各地纪检监察机关坚持严字当头、一严到底，严查快处顶风违纪问题，及时通报曝光典型案例，以铁的纪律持续净化节日风气。 紧盯关键节点，把严的基调一贯到底 近日，中办、国办印发《关于做好2025年元旦春节期间有关工作的通知》，明确要求持之以恒纠“四风”树新风。为贯彻落实《通知》精神，中共中央纪委印发《关于做好2025年元旦春节期间正风肃纪工作的通知》，对节日期间强化正风肃纪提出明确要求、作出具体部署。 “四川省政协原党组成员、副主席杨克宁接受可能影响公正执行公务的宴请和旅游活动安排，违规收受礼品、礼金，违规操办其子婚宴；甘肃省政府原党组成员、副省长杨子兴违规接受宴请和旅游活动安排，违规公款吃喝……”不久前，中央纪委国家监委公开通报7起违反中央八项规定精神典型问题，紧盯关键节点、曝光典型案例，释放了以铁的纪律持续净化节日风气的强烈信号。 节点就是考点。越是节假日等重要节点，纠“四风”越是一刻不能放松。1月13日，山东省青岛市市南区纪委监委公开通报了该区城市发展有限公司原党委书记、董事长申天寿违规收受礼品、礼金、消费卡问题。 调查发现，申天寿作为区属国企“一把手”，先后44次在中秋、春节等节点收受项目老板、下属职工等向其赠送的现金、购物卡、酒水等财物。后来，申天寿甚至主动向施工方索要财物，并利用职务之便，为他人在业务承揽、工程验收、资金拨付等方面谋取利益，非法收受业务关联方所送的巨额财物。 2024年12月，申天寿受到开除党籍、开除公职处分，涉嫌犯罪问题被移送检察机关依法审查起诉。 “这是一起典型的‘由风及腐’案件，是在正风肃纪反腐高压态势下不敬畏、不收敛、不收手的典型。”市南区纪委监委办案人员认为，申天寿案件反映出当前仍有部分党员干部纪法意识淡薄，个别“一把手”胆大妄为、顶风违纪。市南区纪委监委循线深挖其他党员干部“四风”问题线索20个，给予党纪政务处分16人。 为常态长效纠治“四风”顽疾，营造风清气正的节日氛围，市南区纪委监委以这次公开通报为契机，提醒全区党员干部务必以案为戒、警钟长鸣，不断增强党性观念，严守纪法红线，持续筑牢拒腐防变思想堤坝。 浙江省开化县纪委监委紧盯关键领域、重要岗位、薄弱环节，织密“线上+线下”监督网络，线上发挥大数据监督优势，排查可疑、异常线索，线下运用“‘室组地’片区协作+多部门联动”机制，实现检查信息共享、监督优势互补，靶向纠治节日“四风”问题，持续巩固作风建设成果。 “我们充分借助‘互联网+’平台开展智慧监督，确保精准高效发现问题线索。”开化县纪委监委党风政风监督室主任黄震介绍，该县纪委监委联合县税务局成立专项督查组，借助税控发票管理平台，筛查县内酒店、饭店、农家乐餐饮服务税务发票记录等电子底账，严查“虚构凭证违规吃”“超标接待拆分报”等违规吃喝问题。 在具体实践中，把握岁末年初“四风”问题行业性、阶段性特点规律，精准纠治节日期间易发多发问题。县纪委监委第一派驻纪检监察组紧盯快递驿站、单位快递收发室等重点场所，严查“隔空送礼”问题；第八派驻纪检监察组会同公安机关，深挖彻查公职人员酒驾醉驾及其背后“四风”问题；各乡镇纪委紧盯农家乐、民宿等场所，实地检查违规吃喝等享乐奢靡问题及隐形变异现象。 “从元旦前开始到1月下旬，我们已经累计开展专项督查40余次，问责处理11人，并针对发现的问题及时推动整改。”黄震介绍。 坚持问题导向，既盯牢节日期间易发多发老问题，又瞄准隐形变异新苗头 近期各地通报的案例表明，在持续正风肃纪的高压态势下，仍有少数党员干部政治意识缺失，特权思想严重，漠视纪律、顶风违纪，花样翻新搞“四风”。 记者梳理发现，在被查处的“四风”问题中，违规吃喝是易发多发的典型问题之一。 不久前，广东省广州市纪委监委公开通报了花都区炭步镇原副镇长符婵娟违规接受宴请问题。经查，2021年至2023年，符婵娟多次接受辖内村干部罗某在其经营场所和办公室组织的宴请。 花都区纪委监委办案人员进一步调查后发现，2020年至2024年，符婵娟利用职务上的便利，为村干部罗某以及有关商人老板在项目承揽、审批、推进等方面提供帮助，涉嫌受贿118万元。符婵娟被开除党籍、开除公职，涉嫌犯罪问题被移送检察机关依法审查起诉。 花都区纪委监委党风政风监督室主任杨虎认为，“不正之风与腐败问题同根同源、互为表里，‘四风’问题是腐败滋生的温床，腐败催生助长‘四风’问题。”花都区纪委监委健全风腐同查同治机制，既“由风查腐”，深挖背后的“小圈子”、请托办事、利益输送等腐败问题，又“由腐纠风”，细查腐败背后的享乐奢靡等作风问题。 结合典型案件暴露出的风腐交织问题，花都区纪委监委紧盯关键节点，围绕公款吃喝、接受管理服务对象宴请等违反中央八项规定精神问题，以及营商环境、安全生产、民生领域突出问题开展监督检查。 针对普遍发生、反复出现的节日“四风”问题，各级纪检监察机关加强类案分析，督促发案地方、单位找准症结、整改到位。 江苏省淮安市淮安区纪委监委在查办区城管局原副局长王某案件时发现，2017年至2024年，王某长期收受管理服务对象和下属所送烟酒、现金等财物。通过市场监督管理局、银行等平台大数据查询，办案人员研判发现王某还将特定关系人经营的烟酒店作为利益输送“中转站”，点名收受高档烟酒。 “为规避风险和减少处置麻烦，王某暗示管理服务对象到上述烟酒店‘购买’高档烟酒只付钱不取货，利用‘空气烟酒’违规收取钱款。”淮安区纪委监委办案人员告诉记者，王某案件暴露出作风问题具有反复性、顽固性，高压态势下，违规收送礼品礼金等问题改头换面、由明转暗，需要高度警惕、及时纠治。 淮安区纪委监委通过王某案件深度挖掘城管执法领域作风问题，先后立案查处16人，针对城管领域暴露的风腐问题，推动城管系统开展作风建设大提升行动。 以“同查”严惩风腐交织问题，以“同治”铲除风腐共性根源 中央八项规定是铁规矩、硬杠杠，必须一刻不松、寸步不让，零容忍纠治“四风”，坚决反对特权思想和特权现象，不断加固中央八项规定堤坝。各级纪检监察机关坚持风腐同查同治，以“同查”严惩风腐交织问题，以“同治”铲除风腐共性根源，一体推进整饬作风、惩治腐败。 “被告人张义军犯受贿罪，被判处有期徒刑四年六个月，并处罚金人民币三十五万元……”1月17日，四川省成都市金牛区纪委监委组织40名干部职工到庭审现场，旁听区农业和水务局原党组成员、副局长张义军涉嫌受贿犯罪案。 “逢年过节收受他们的红包礼金，成为了他们的‘猎物’。”张义军在警示片中的忏悔，发人深省。庭审结束后，金牛区纪委监委进一步开展警示教育，组织案发单位领导和干部职工等分别围绕“明德、遵纪、守法、知责、律己”开展“以案五说”活动。 “从案件查办情况来看，张义军从一顿饭、一瓶酒、一场牌等‘小事小节’上放任自流，到‘大是大非’上肆意妄为，‘小管涌’沦为‘大塌方’，是典型的由风及腐、风腐一体案件。”金牛区纪委监委有关负责同志介绍，这起案件的查处是坚持风腐同查同治的实践。 2024年查处张义军接受管理服务对象宴请、收受礼品及违反中央八项规定精神问题后，金牛区纪委监委分析研判“饭局”背后可能存在利益交换的腐败问题，便依托招投标大数据监督模型，精准发现其所分管的项目涉嫌围标串标问题。 随即，金牛区纪委监委联合案发单位召开干部职工大会，敦促违纪违法人员主动向组织交代问题。截至目前，已有6人主动投案并退缴违纪违法所得，均受到相应党纪政务处分。 针对案件暴露出的问题，金牛区纪委监委向案发单位制发纪检监察建议书，督促开展全面自查自纠，推动制定完善风险防控措施，通过召开专题民主生活会、警示教育、谈话提醒等方式抓早抓小，加强党员干部的教育监督管理，把查和治有效贯通起来，防止类似问题再次发生。 辽宁省抚顺市望花区纪委监委坚持一严到底纠治“四风”，一方面，成立6个专项监督检查组，采取“室组地”联动、协作区互检等方式，深入乡镇街道、重点部门、辖区大型商场、烟酒专卖店等场所开展监督检查，通过查阅账目、谈话了解、数据对比等方式，着力查找党员干部违规吃喝、违规收送礼品礼金、违规发放津补贴、公车私用、酒驾醉驾等“节日病”；另一方面，注重对典型个案“解剖麻雀”、深挖问题根源，常态化开展警示教育，筑牢拒腐防变的思想防线。 1月23日，湖南省纪委监委公开通报7起违反中央八项规定精神典型问题，并公布“四风”问题举报电话。春节将至，各地纪检监察机关坚持零容忍，严肃查处顶风违纪、隐形变异“四风”问题，不断释放寸步不让纠治“节日腐败”的强烈信号。,,,1
要留清气满乾坤——2024年以习近平同志为核心的党中央贯彻执行中央八项规定、推进作风建设综述,http://www.ccdi.gov.cn/toutiaon/202501/t20250120_401537.html,2025-01-20 16:15,新华全媒头条|要留清气满乾坤——2024年以习近平同志为核心的党中央贯彻执行中央八项规定、推进作风建设综述 　　新华社北京1月20日电　题：...,“带头严格遵守党的纪律和规矩，带头弘扬党的优良传统和作风”“坚决同各种不正之风和腐败现象作斗争”…… 2024年岁末，北京中南海，一年一度的党内最高层级民主生活会在此召开。会议的一项重要议程，就是听取关于2024年中央政治局贯彻执行中央八项规定情况的报告。 2024年是中华人民共和国成立75周年，是实现“十四五”规划目标任务的关键一年。 一年来，以习近平同志为核心的党中央以马不离鞍、缰不松手的定力，以反复抓、抓反复的韧劲，以钉钉子精神推进中央八项规定精神贯彻落实，驰而不息加强党的作风建设，为以中国式现代化全面推进强国建设、民族复兴伟业提供了坚强作风保障。 动真碰硬 坚持党性党风党纪一起抓 2024年1月1日，修订后的《中国共产党纪律处分条例》正式施行。这是党的十八大以来，党中央对该条例的第三次修订，再次释放出以严明纪律管全党治全党的鲜明信号。 几天后，二十届中央纪委三次全会上，习近平总书记深刻指出：“深入开展党性党风党纪教育，传承党的光荣传统和优良作风”。 2024年4月，党的历史上首次以党纪为主题在全党开展的集中性教育——党纪学习教育启动。深入学习贯彻习近平总书记关于全面加强党的纪律建设的重要论述，原原本本、逐章逐条学习新修订的《中国共产党纪律处分条例》，各地区各部门以此为契机，引导党员、干部把增强党性、严守纪律、砥砺作风贯通起来，融入日常、化为习惯。 党的作风，就是党的形象。作风建设，既是攻坚战，也是攻心战、持久战。一年来，习近平总书记高度重视加强党的作风建设，推动作风建设不松劲、不止步、再出发—— 在党的二十届三中全会、二十届中央纪委三次全会等场合发表重要讲话，对持之以恒抓好党的作风建设、贯彻落实中央八项规定精神提出新要求； 主持召开的中央政治局常委会会议、中央政治局会议，有多个议题涉及作风建设； 针对党风廉政建设、树立和践行正确政绩观、反对形式主义官僚主义等作出重要批示； 在关于推动机关党建高质量发展、巩固深化党纪学习教育成果等重要指示中就作风建设提出明确要求…… 一年来，习近平总书记就持之以恒贯彻落实中央八项规定精神、深化作风建设作出一系列重要论述，为持续加固中央八项规定堤坝、推动作风建设常态化长效化指明了前进方向—— 突出以上率下，强调“中央政治局的同志要带好头、当表率，严于律己、严负其责、严管所辖”； 阐明科学路径，强调“要坚持党性党风党纪一起抓，完善作风建设常态化长效化制度机制”“以优良党风凝聚人心、引领社会风气”“完善一体推进不敢腐、不能腐、不想腐工作机制，以风清气正的政治生态引领形成正气充盈的社会生态”； 彰显人民立场，强调“一切国家机关和国家工作人员必须牢固树立人民公仆意识，把人民放在心中最高位置，倾听人民群众意见和建议，保持同人民群众的密切联系”…… 好作风，就是创造力、凝聚力、战斗力。 面对艰巨繁重的改革发展稳定任务，党员干部饱满的精神状态、过硬的工作作风，是攻坚克难的重要保障。 “进一步全面深化改革涉及范围广、触及利益深、攻坚难度大，对各级党组织正确判断形势、科学谋划改革、广泛凝聚力量、推动改革落实，对广大党员、干部精神状态、思想观念、素质能力、作风形象提出了新的更高要求”。 党的二十届三中全会第二次全体会议上，习近平总书记强调，必须保持以党的自我革命引领社会革命的高度自觉，坚持用改革精神和严的标准管党治党，不断提高党的领导水平。 风清则气正，气正则心齐，心齐则事成。 在以习近平同志为核心的党中央坚强领导下，新时代中国共产党人正以优良作风振奋精神、激发斗志，把中国式现代化这一前无古人的伟大事业不断推向前进。 以上率下 彰显共产党人鲜明政治本色 2024年2月1日，北方小年前一天，习近平总书记来到天津市遭受洪涝灾害地区走访慰问受灾群众，汽车沿着冰封的子牙河，驶入西青区第六埠村。 “还有什么需要党和政府关心帮扶的事？”“老百姓的事情是最重要的事情，一定要办好。”总书记同村民一笔一笔算灾情损失和灾后生产发展、就业增收账。 这一年，习近平总书记深入基层、深入一线，足迹遍布大江南北，身影总在人民之中。 考察重庆市九龙坡区谢家湾街道民主村社区，强调“中国式现代化，民生为大”；来到青海省西宁市，第一站走进果洛西宁民族中学，叮嘱“让孩子们吃得营养健康”；在甘肃省天水市花牛苹果基地，听取甘肃引洮供水工程情况汇报，指出“要多抓这样造福人民的工程”…… 扎根人民，汲取智慧。 “党中央作出重大决策、制定重要文件，都深入调研，广泛听取各方面意见，这是我们党的一贯做法和优良传统。”2024年5月23日下午，习近平总书记在山东省济南市主持召开企业和专家座谈会，就如何擘画进一步全面深化改革的宏伟蓝图听取意见，作出战略指引。 赴地方考察调研，为因地制宜发展新质生产力把脉定向；围绕新时代推动中部地区崛起、西部大开发以及全面推动黄河流域生态保护和高质量发展等召开座谈会，为重大战略落实指明路径；到城乡社区调研，现场对持续深化为基层减负工作给予精准指导…… 重视调研、深入调研，习近平总书记以“调研开路”，寻求规律、把握全局、解决问题。 对有关方案严格把关，一再要求到地方考察少扰民，考察点减少现场检查，严格杜绝装修布置、增添设备、改变环境等； 考察调研控制随行工作人员数量，按规定缴纳差旅费用； 出访活动中严格执行外事规定； …… 轻车简从、勤俭节约，以身作则、率先垂范，习近平总书记严格执行中央八项规定，带动全党上下坚定以优良作风奋进新时代新征程的信心决心。 李强、赵乐际、王沪宁、蔡奇、丁薛祥、李希同志和中央政治局其他同志认真贯彻习近平总书记关于作风建设的重要指示要求，严于律己、身体力行，严格落实中央八项规定。 在改进调查研究方面，中央政治局同志围绕加快发展新质生产力、科技创新和产业发展等进行考察调研，有的放矢、直面问题，注重以改革创新精神研究提出解决问题的新思路新举措。 在精简会议活动方面，注重从源头控制重大会议活动总量，能合并召开的合并召开，对非必要的临时性会议、赴京外开会严格把关。严控中央会议活动会期、规模、规格。杜绝层层陪会、减少全程参会。 在精简文件简报方面，推动中央法规文件改进文风，落实“短实新”要求，避免超规格发文，把好为基层减负关。 在规范出访活动方面，严格执行出访天数、团组规模、住宿餐饮等方面要求；按照规定乘坐交通工具，在外乘车一切从简。 在改进新闻报道方面，对报道的主题主线、刊播时间、篇幅时长严格把关，进一步突出新闻价值、社会效果。 在改进警卫工作方面，坚持有利于联系群众的原则，减少交通管制。 在厉行勤俭节约方面，坚决落实党政机关“习惯过紧日子”要求，进一步压减中央本级“三公”经费预算。 一年来，以习近平同志为核心的党中央认真贯彻执行中央八项规定及其实施细则，不打折扣、不做变通，以实际行动为全党树标杆、作表率。 筑牢堤坝 以优良作风奋进新征程 2025年元旦假期来临前，中央纪委国家监委公开通报7起违反中央八项规定精神典型问题。通报点名道姓、直指病灶，起到了极强震慑作用。 作风建设，只有进行时，没有完成时。 一年来，各地区各部门深入学习贯彻习近平总书记关于党的自我革命的重要思想，切实增强贯彻落实中央八项规定精神的坚定性，狠抓作风建设，持续筑牢中央八项规定堤坝，以优良作风为奋进新征程保驾护航。 筑牢根基，以自觉从严的党纪约束确保优良作风一以贯之—— 舞台之上，青年学子手持白莲翩跹起舞，移步换景间，以莲蕴“廉”，以莲颂“廉”…… 2024年12月12日下午，在中国传媒大学举行的2024年北京高校廉洁文化建设成果展演上，原创舞剧《莲》给观众留下了深刻印象。近2个小时的展演中，多所高校师生以戏曲、话剧、朗诵、思政微课堂等形式，献上了一场“廉”声嘹亮的视听盛宴。 这是各地区各部门推进党纪学习教育常态化长效化，以多种形式推动纪律教育、廉洁文化入脑入心的一个缩影。 从坚持经常性教育和集中性教育相结合，把纪律教育融入党员、干部日常教育管理监督；到聚焦违反中央八项规定精神问题深入查找权力运行风险点、监督管理空白点，制定防范举措；再到深入开展警示教育，引导党员、干部对照典型案例自检自省自律…… 各地区各部门总结运用党纪学习教育好经验好做法，坚持融入日常、抓在经常，把增强党性、严守纪律、砥砺作风贯通起来，推动党纪学习教育成果持续转化为推动高质量发展的强大动力。 突出重点，聚焦群众反映强烈的突出问题纠治“四风”顽疾—— “以前孩子不愿意在学校吃饭，现在校园餐品种多、味道好，孩子主动要求在学校吃饭。”这是河南省潢川县实验中学一位家长的真实感受。 潢川县纪委监委紧盯“校园餐”违纪违法问题严肃查处，同时还以点带面对全县154所学校逐个排查，发现并督促整改相关问题，取得了显著成效。 过去一年间，各地区各部门深入开展群众身边不正之风和腐败问题集中整治，围绕中小学“校园餐”、农村集体“三资”管理、医药领域腐败等开展专项整治，推动解决群众急难愁盼问题。 与此同时，各地区各部门采取有力措施纠治形式隐蔽、巧立名目的“新形象工程”问题，整治违规吃喝问题，遏制铺张浪费、沉迷“带彩”打牌等不良现象。 数据显示，2024年1月至12月，全国共查处违反中央八项规定精神问题22.5万余起，以强力震慑狠刹歪风邪气。 建章立制，全方位扎紧制度笼子，把严格制度执行转化为作风建设成效—— 省委办公厅印发《云南省党政机关国内公务接待管理办法》，提出公务接待规范，加强对公务接待行为监督；各地纪委监委压实各单位主体责任，督促严格执行机关培训费管理办法…… 在云南，各相关部门针对各种制度漏洞、监管盲区，积极推动建章立制，不断健全完善作风建设长效机制。 一年来，各地区各部门认真落实《关于中央和国家机关部门党组（党委）落实机关党建主体责任的意见》《党政机关国内公务接待管理规定》等，进一步规范管理、压实责任。 中央和国家机关所属事业单位办公用房管理相关制度制定出台，中央企业业务招待信息公开、公务接待统一公函等制度建立完善，中管金融企业进一步贯彻落实中央八项规定精神举措更加细化…… 一项项制度环环相扣、一条条规章落细落实，坚持纠树并举、标本兼治，各地区各部门以制度建设不断推进作风建设常态化长效化，提升作风建设治理效能，让求真务实、清正廉洁的新风正气不断充盈。 “八项规定改变中国！”这是人民群众发自内心的赞誉。 2024年国家统计局调查显示，94.9%的受访群众对中央八项规定精神贯彻落实成效表示肯定。八项规定这张“金色名片”，越擦越亮。 2025年是“十四五”规划收官之年，应对艰巨繁重的改革发展任务，必须以优良作风提供坚实保障。 在以习近平同志为核心的党中央坚强领导下，全党上下惕厉自省、慎终如始，驰而不息将作风建设引向深入，必将为以中国式现代化全面推进强国建设、民族复兴伟业注入源源不断的强大力量！（记者 孙少龙、丁小溪、张研）,,,1
广安观潮丨紧盯关键节点，把严的基调一贯到底,http://www.ccdi.gov.cn/pln/202412/t20241231_397601.html,2024-12-31 07:00,无摘要,中央纪委国家监委网站 李鹃 2025年元旦、春节将至，必须坚守节点，以严的标准深入落实中央八项规定精神。近日，中办、国办印发《关于做好2025年元旦春节期间有关工作的通知》，明确要求持之以恒纠“四风”树新风。为贯彻落实《通知》精神，中共中央纪委印发《关于做好2025年元旦春节期间正风肃纪工作的通知》，对节日期间强化正风肃纪提出明确要求、作出具体部署。此前，中央纪委国家监委公开通报七起违反中央八项规定精神典型问题，紧盯关键节点、曝光典型案例，释放了以铁的纪律持续净化节日风气的强烈信号。 中央八项规定是铁规矩、硬杠杠，必须一刻不松、寸步不让，零容忍纠治“四风”。近期各地通报的案例表明，在持续正风肃纪的高压态势下，仍有少数党员干部政治意识缺失，特权思想严重，漠视纪律、顶风违纪，花样翻新搞“四风”。数据显示，今年1至11月，全国共查处违反中央八项规定精神问题192175起，批评教育和处理268573人，其中党纪政务处分187997人。这都警示我们，作风建设不可能毕其功于一役，必须时刻保持清醒坚定，深刻认识不正之风的严重危害，高度警惕风腐交织的现实风险，毫不松懈抓好干部教育管理监督，坚决打掉一些人降调变调的错误期待，坚决斩断由风及腐的链条，不断以作风建设新成效赢得群众支持、促进事业发展。 紧盯关键节点，把严的基调一贯到底。节点就是考点，越是节假日等重要节点，纠“四风”越是一刻不能放松。即将迎来元旦、春节，人情往来增多，一些党员干部思想防线容易松懈，滋长从众心理、侥幸心理，进而被“糖衣炮弹”击中、被“人情风”吹倒。要坚持严字当头、一严到底，坚持和深化运用节点监督的有效经验做法，拓宽畅通举报渠道，用好大数据手段，打好教育提醒、通报曝光、明察暗访、严查快处等“组合拳”，以一个节点一个节点的坚守，推动风气持续向好。要聚焦领导干部、新提拔干部、年轻干部等关键群体，聚焦作决策、定政策、审批监管等关键环节，对顶风违纪行为严查快处，形成强大震慑，激浊扬清、扶正祛邪，切实让干部群众感受到新气象。 坚持问题导向，既盯牢节日期间易发多发的老问题，又瞄准隐形变异的新苗头。以铁的纪律持续净化节日风气，要坚持一个问题一个问题解决，什么问题突出就重点整治什么问题。要持续狠刹享乐主义、奢靡之风，对违规吃喝、违规收送礼品礼金、违规发放津贴补贴或福利、违规操办婚宴借机敛财、公车私用等节日顽疾彻查严处，对“快递送礼”、借培训考察等名义公款旅游等隐形变异现象露头就打，大力纠治高档烟酒茶、“豪华年夜饭”、节礼过度包装等现象背后的享乐奢靡问题。要重拳纠治形式主义、官僚主义，坚决查处岁末年初以总结和推进工作为名搞文山会海，随意向基层派任务，多头重复要求报材料、填表格，督查检查考核过多过频、过度留痕，“指尖上的形式主义”等加重基层负担问题。 坚持风腐同查同治，一体推进整饬作风、惩治腐败。案例表明，不正之风与腐败问题在表现形式、危害程度等方面虽有不同，但同根同源、互为表里，“四风”问题是腐败滋生的温床，腐败催生助长“四风”问题。要以同查破解不正之风隐形变异发现难问题，既深挖不正之风背后的请托办事、利益输送等腐败问题，又细查腐败背后的享乐奢靡等作风问题。坚持风腐同查同治，不仅要在“查”上动真格，还要在“治”上见真章，以“同治”铲除风腐问题滋生的土壤和条件。对普遍发生、反复出现的节日“四风”问题，要加强类案分析，督促发案地方、单位找准症结、整改到位。要把强化纪律教育和弘扬新风正气统筹起来，巩固深化党纪学习教育成果，深入推进新时代廉洁文化建设，把弘扬党的优良传统、培树新风正气，同传承节日文化结合起来，引导党员干部把纪律内化于心、外化于行，形成遵规守纪、崇廉拒腐的思想自觉和行动自觉，不断营造风清气正的节日氛围。,,,1
推进新征程纪检监察工作高质量发展常态长效深化落实中央八项规定精神,http://www.ccdi.gov.cn/specialn/zjwscqh/zjwscqhtopnews/202501/t20250106_398677.html,2024-12-30 06:47,无摘要,中央纪委国家监委网站 陆丽环 王卓 “全国共查处违反中央八项规定精神问题28327起，批评教育和处理38961人，其中党纪政务处分27996人”…… 2024年12月25日，中央纪委国家监委公布了2024年11月全国查处违反中央八项规定精神问题月报数据。这是该数据连续第135个月公布。以习近平同志为核心的党中央常抓不懈、久久为功，推进作风建设常态化长效化。2024年，中央纪委国家监委和各级纪检监察机关毫不松懈狠抓作风，坚持严的基调、严的措施、严的氛围，一体推进查处问题、制度建设、教育引导，不断加固中央八项规定堤坝，坚决遏制风腐问题滋生蔓延。 重拳纠治干部群众反映强烈的形式主义、官僚主义，推动党员干部求真务实、真抓实干 2024年11月，中央层面整治形式主义为基层减负专项工作机制办公室、中央纪委办公厅联合对3起整治形式主义为基层减负典型问题进行通报。 整治形式主义、官僚主义，习近平总书记高度重视。二十届中央纪委三次全会在“2024年主要工作”中，对重拳纠治干部群众反映强烈的形式主义、官僚主义作出部署。各级纪检监察机关认真学习贯彻习近平总书记关于党的自我革命的重要思想，把整治形式主义、官僚主义摆在突出位置，知难而进，勇啃“硬骨头”，一步一步向前进，积小胜为大胜，推动党风政风持续转变。 ——聚焦党中央关于推动高质量发展、进一步全面深化改革、推进乡村全面振兴、耕地保护、生态环境保护等决策部署落实情况加强监督检查，坚决纠治口号响落实差，搞政绩工程、形象工程，“一刀切”，层层加码等突出问题。 云南省纪委监委联动省生态环境厅等职能部门，聚焦九大高原湖泊保护治理，发现并推动解决贯彻落实党中央决策部署不力，问题整改不及时、不到位和虚假整改等问题。河南省纪委监委在“‘形象工程’‘面子工程’问题”专项整治中，追责问责85人次。 ——紧盯不担当、不作为、乱作为问题，着力纠治不认真履行职责、任性用权、粗暴执法等问题。 辽宁省纪委监委健全完善与巡视、信访、公安、12345政务服务热线等部门的信息共享、线索移送机制，紧盯党员干部不担当不作为等突出问题，省市县三级纪委监委上下联动开展专项整治。山西省纪委监委开展不担当、不作为问题专项整治，推动解决干部不敢担责、敷衍塞责等问题。 ——加强对整治形式主义为基层减负相关规定执行情况的监督检查，从根源上纠治文山会海、督查检查考核过多过频、“指尖上的形式主义”以及“表现在基层、根子在上面”的问题。 上海市纪委监委推动市委社工部将市、区、街镇三级的信息系统全部接入“社区云”，全市6500多个村居使用的平台系统基本实现“一键登录、一屏使用”，坚决防治“指尖上的形式主义”。广东省广州市纪委监委聚焦“文山会海”问题，面对面访谈21个区直单位、镇（街道）“一把手”，排查问题、查摆原因并提出7条意见建议，推动市委出台为基层减负15条措施。 2024年1至11月，全国共查处形式主义、官僚主义问题9.2万起，批评教育和处理13.5万人，其中给予党纪政务处分8.6万人。 ——推进精准规范追责问责，落实“三个区分开来”。一年来，江西、山东等地不断加大容错纠错力度，精准规范追责问责，严查诬告陷害行为，做实澄清正名工作，为担当者担当，为负责者负责，激励党员干部撸起袖子加油干，让重实干、做实功、求实效蔚然成风。 一年一年坚持，一步一个脚印。“重拳”纠治之下，党风政风持续变好。 持续狠刹享乐奢靡歪风，坚持风腐同查同治 2024年4月，中央纪委国家监委对8起违规吃喝典型问题进行公开通报。通报指出，深化落实中央八项规定精神，必须紧盯违规吃喝这个顽瘴痼疾，坚持露头就打、严管严治，坚决防止反弹回潮，以重点问题的突破，带动纠治工作整体推进。 二十届中央纪委三次全会部署开展违规吃喝专项整治，中央纪委国家监委指导各级纪委监委对“吃公函”等问题盯住不放、深化整治，严肃纠治虚列公务接待、商务招待事项违规吃喝，套取会议费、办公费大吃大喝，“精致走账”等行为；对“吃老板”“吃下级”等问题加大力度、动真碰硬，深入推进风腐同查同治，严查违规吃喝背后的请托办事、利益输送等问题，深挖腐败背后的违规吃喝行为；对“吃食堂”等问题深入研究、着力破解，紧盯隐蔽隐性这个特点，精准识别，用好科技手段，创新监督方式，及时发现、从严处理在内部食堂、私人会所、高档小区、“农家乐”、“一桌餐”场所违规吃喝问题。 除严查违规吃喝外，纠治违规公款旅游、违规收送名贵特产和礼品礼金、违规发放津补贴或福利等享乐主义、奢靡之风问题也同步开展。各级纪检监察机关从“小切口”入手，运用专项整治、风腐同查、明察暗访、智慧监督、通报曝光等有效手段，打出从严纠治“组合拳”。 严防“四风”问题改头换面、由明转暗。纪检监察机关贯通职能部门、媒体等监督力量，不断拓宽发现问题的渠道，运用大数据手段精准识别，从严查处隐形变异问题，持续释放严的信号。 2024年1至11月，全国共查处享乐主义、奢靡之风问题10.1万起，批评教育和处理13.4万人，其中给予党纪政务处分10.2万人。 不正之风与腐败问题同根同源、互为表里。纪检监察机关建立健全风腐同查同治工作机制，既坚持“由风查腐”循线深挖，注意查清违规吃喝、违规收送礼品礼金等问题的资金来源、目的事由、组织参与人员等情况，加强研判分析，深入核查“四风”问题背后是否存在团团伙伙、利益交换等现象；又着力“由腐纠风”双向突破，在审查调查工作中，既查清涉案对象本人的“四风”问题，又着力发现涉及其他公职人员的“四风”问题线索，细查腐败背后的享乐奢靡等作风问题，坚决斩断风腐勾连的链条。 标本兼治推进作风建设常态化长效化 “四川省政协原党组成员、副主席杨克宁接受可能影响公正执行公务的宴请和旅游活动安排，违规收受礼品、礼金，违规操办其子婚宴问题”“甘肃省政府原党组成员、副省长杨子兴违规接受宴请和旅游活动安排，违规公款吃喝等问题”…… 2025年元旦前夕，中央纪委国家监委公开通报7起违反中央八项规定精神典型问题，持续强化紧盯关键时间节点、严抓作风问题的震慑效应。 作风建设是攻坚战，也是持久战，既要抓“节点”、抓“考点”，也要抓“常”抓“长”。紧盯违规吃喝、收送礼品礼金等“节日病”，抓住普遍发生、反复出现的问题深化整治，开展明察暗访、专项检查，对典型案例通报曝光……一年来，中央纪委国家监委和各级纪检监察机关紧盯“四风”问题新表现新动向，精准施治、久久为功。 把严的标准立起来，需要制度先行。中央纪委国家监委和各级纪检监察机关在明纪律立规矩上持续发力，细化完善制度规范、织密监督网络，把纠治“四风”实践成果转化为制度规范，持续推进作风建设常态化长效化。 湖南省纪委监委针对案件暴露出的部分地方招商引资接待标准不一、范围随意扩大等问题，推动省机关事务管理局、省财政厅、省商务厅联合印发湖南省党政机关招商引资接待管理办法； 浙江省衢州市纪委监委推动相关部门依托“浙政钉”平台开发“公务餐”应用，打通市县乡三级534家机关食堂，党员干部公务活动一律在食堂扫码就餐； 福建省仙游县依托“全市一张图”平台打造“云端资料柜”，实现受检材料电子化、检查内容共享化、检查结果互认化，让督检考从“重痕”向“重绩”转变。 纠树并举、破立并进，纠治“四风”落到实处，加之价值观念和思想文化领域的激浊扬清，潜移默化树立起新风尚。 “在村里头办事儿招待宾客，每桌饭菜350元左右……”陕西省淳化县秦庄村红白理事会会长刘建国对这些内容早已了然于胸。 锲而不舍、持续发力，抓出习惯、化风成俗，以清风正气抵制歪风邪气，让“人情”归位。陕西省淳化县秦庄村，以往相互攀比、铺张浪费现象比较突出。现在的秦庄村细化修订了村规民约，成立了秦庄村红白理事会，制定移风易俗规范，使文明新风有了明确导向。 纠治“四风”永不停歇，作风建设永不止步。各级纪检监察机关将绵绵用力、久久为功，激浊扬清、扶正祛邪，更加坚定不移加强作风建设，不断培土加固中央八项规定堤坝，着力推动正风反腐一体深化，以清风正气凝聚干事创业的正能量，为开创各项事业蓬勃发展的新局面提供坚强保障。,,,1
推进新征程纪检监察工作高质量发展常态长效深化落实中央八项规定精神,http://www.ccdi.gov.cn/toutiaon/202412/t20241230_397330.html,2024-12-30 06:47,无摘要,中央纪委国家监委网站 陆丽环 王卓 “全国共查处违反中央八项规定精神问题28327起，批评教育和处理38961人，其中党纪政务处分27996人”…… 2024年12月25日，中央纪委国家监委公布了2024年11月全国查处违反中央八项规定精神问题月报数据。这是该数据连续第135个月公布。以习近平同志为核心的党中央常抓不懈、久久为功，推进作风建设常态化长效化。2024年，中央纪委国家监委和各级纪检监察机关毫不松懈狠抓作风，坚持严的基调、严的措施、严的氛围，一体推进查处问题、制度建设、教育引导，不断加固中央八项规定堤坝，坚决遏制风腐问题滋生蔓延。 重拳纠治干部群众反映强烈的形式主义、官僚主义，推动党员干部求真务实、真抓实干 2024年11月，中央层面整治形式主义为基层减负专项工作机制办公室、中央纪委办公厅联合对3起整治形式主义为基层减负典型问题进行通报。 整治形式主义、官僚主义，习近平总书记高度重视。二十届中央纪委三次全会在“2024年主要工作”中，对重拳纠治干部群众反映强烈的形式主义、官僚主义作出部署。各级纪检监察机关认真学习贯彻习近平总书记关于党的自我革命的重要思想，把整治形式主义、官僚主义摆在突出位置，知难而进，勇啃“硬骨头”，一步一步向前进，积小胜为大胜，推动党风政风持续转变。 ——聚焦党中央关于推动高质量发展、进一步全面深化改革、推进乡村全面振兴、耕地保护、生态环境保护等决策部署落实情况加强监督检查，坚决纠治口号响落实差，搞政绩工程、形象工程，“一刀切”，层层加码等突出问题。 云南省纪委监委联动省生态环境厅等职能部门，聚焦九大高原湖泊保护治理，发现并推动解决贯彻落实党中央决策部署不力，问题整改不及时、不到位和虚假整改等问题。河南省纪委监委在“‘形象工程’‘面子工程’问题”专项整治中，追责问责85人次。 ——紧盯不担当、不作为、乱作为问题，着力纠治不认真履行职责、任性用权、粗暴执法等问题。 辽宁省纪委监委健全完善与巡视、信访、公安、12345政务服务热线等部门的信息共享、线索移送机制，紧盯党员干部不担当不作为等突出问题，省市县三级纪委监委上下联动开展专项整治。山西省纪委监委开展不担当、不作为问题专项整治，推动解决干部不敢担责、敷衍塞责等问题。 ——加强对整治形式主义为基层减负相关规定执行情况的监督检查，从根源上纠治文山会海、督查检查考核过多过频、“指尖上的形式主义”以及“表现在基层、根子在上面”的问题。 上海市纪委监委推动市委社工部将市、区、街镇三级的信息系统全部接入“社区云”，全市6500多个村居使用的平台系统基本实现“一键登录、一屏使用”，坚决防治“指尖上的形式主义”。广东省广州市纪委监委聚焦“文山会海”问题，面对面访谈21个区直单位、镇（街道）“一把手”，排查问题、查摆原因并提出7条意见建议，推动市委出台为基层减负15条措施。 2024年1至11月，全国共查处形式主义、官僚主义问题9.2万起，批评教育和处理13.5万人，其中给予党纪政务处分8.6万人。 ——推进精准规范追责问责，落实“三个区分开来”。一年来，江西、山东等地不断加大容错纠错力度，精准规范追责问责，严查诬告陷害行为，做实澄清正名工作，为担当者担当，为负责者负责，激励党员干部撸起袖子加油干，让重实干、做实功、求实效蔚然成风。 一年一年坚持，一步一个脚印。“重拳”纠治之下，党风政风持续变好。 持续狠刹享乐奢靡歪风，坚持风腐同查同治 2024年4月，中央纪委国家监委对8起违规吃喝典型问题进行公开通报。通报指出，深化落实中央八项规定精神，必须紧盯违规吃喝这个顽瘴痼疾，坚持露头就打、严管严治，坚决防止反弹回潮，以重点问题的突破，带动纠治工作整体推进。 二十届中央纪委三次全会部署开展违规吃喝专项整治，中央纪委国家监委指导各级纪委监委对“吃公函”等问题盯住不放、深化整治，严肃纠治虚列公务接待、商务招待事项违规吃喝，套取会议费、办公费大吃大喝，“精致走账”等行为；对“吃老板”“吃下级”等问题加大力度、动真碰硬，深入推进风腐同查同治，严查违规吃喝背后的请托办事、利益输送等问题，深挖腐败背后的违规吃喝行为；对“吃食堂”等问题深入研究、着力破解，紧盯隐蔽隐性这个特点，精准识别，用好科技手段，创新监督方式，及时发现、从严处理在内部食堂、私人会所、高档小区、“农家乐”、“一桌餐”场所违规吃喝问题。 除严查违规吃喝外，纠治违规公款旅游、违规收送名贵特产和礼品礼金、违规发放津补贴或福利等享乐主义、奢靡之风问题也同步开展。各级纪检监察机关从“小切口”入手，运用专项整治、风腐同查、明察暗访、智慧监督、通报曝光等有效手段，打出从严纠治“组合拳”。 严防“四风”问题改头换面、由明转暗。纪检监察机关贯通职能部门、媒体等监督力量，不断拓宽发现问题的渠道，运用大数据手段精准识别，从严查处隐形变异问题，持续释放严的信号。 2024年1至11月，全国共查处享乐主义、奢靡之风问题10.1万起，批评教育和处理13.4万人，其中给予党纪政务处分10.2万人。 不正之风与腐败问题同根同源、互为表里。纪检监察机关建立健全风腐同查同治工作机制，既坚持“由风查腐”循线深挖，注意查清违规吃喝、违规收送礼品礼金等问题的资金来源、目的事由、组织参与人员等情况，加强研判分析，深入核查“四风”问题背后是否存在团团伙伙、利益交换等现象；又着力“由腐纠风”双向突破，在审查调查工作中，既查清涉案对象本人的“四风”问题，又着力发现涉及其他公职人员的“四风”问题线索，细查腐败背后的享乐奢靡等作风问题，坚决斩断风腐勾连的链条。 标本兼治推进作风建设常态化长效化 “四川省政协原党组成员、副主席杨克宁接受可能影响公正执行公务的宴请和旅游活动安排，违规收受礼品、礼金，违规操办其子婚宴问题”“甘肃省政府原党组成员、副省长杨子兴违规接受宴请和旅游活动安排，违规公款吃喝等问题”…… 2025年元旦前夕，中央纪委国家监委公开通报7起违反中央八项规定精神典型问题，持续强化紧盯关键时间节点、严抓作风问题的震慑效应。 作风建设是攻坚战，也是持久战，既要抓“节点”、抓“考点”，也要抓“常”抓“长”。紧盯违规吃喝、收送礼品礼金等“节日病”，抓住普遍发生、反复出现的问题深化整治，开展明察暗访、专项检查，对典型案例通报曝光……一年来，中央纪委国家监委和各级纪检监察机关紧盯“四风”问题新表现新动向，精准施治、久久为功。 把严的标准立起来，需要制度先行。中央纪委国家监委和各级纪检监察机关在明纪律立规矩上持续发力，细化完善制度规范、织密监督网络，把纠治“四风”实践成果转化为制度规范，持续推进作风建设常态化长效化。 湖南省纪委监委针对案件暴露出的部分地方招商引资接待标准不一、范围随意扩大等问题，推动省机关事务管理局、省财政厅、省商务厅联合印发湖南省党政机关招商引资接待管理办法； 浙江省衢州市纪委监委推动相关部门依托“浙政钉”平台开发“公务餐”应用，打通市县乡三级534家机关食堂，党员干部公务活动一律在食堂扫码就餐； 福建省仙游县依托“全市一张图”平台打造“云端资料柜”，实现受检材料电子化、检查内容共享化、检查结果互认化，让督检考从“重痕”向“重绩”转变。 纠树并举、破立并进，纠治“四风”落到实处，加之价值观念和思想文化领域的激浊扬清，潜移默化树立起新风尚。 “在村里头办事儿招待宾客，每桌饭菜350元左右……”陕西省淳化县秦庄村红白理事会会长刘建国对这些内容早已了然于胸。 锲而不舍、持续发力，抓出习惯、化风成俗，以清风正气抵制歪风邪气，让“人情”归位。陕西省淳化县秦庄村，以往相互攀比、铺张浪费现象比较突出。现在的秦庄村细化修订了村规民约，成立了秦庄村红白理事会，制定移风易俗规范，使文明新风有了明确导向。 纠治“四风”永不停歇，作风建设永不止步。各级纪检监察机关将绵绵用力、久久为功，激浊扬清、扶正祛邪，更加坚定不移加强作风建设，不断培土加固中央八项规定堤坝，着力推动正风反腐一体深化，以清风正气凝聚干事创业的正能量，为开创各项事业蓬勃发展的新局面提供坚强保障。,,,1
中央纪委国家监委公开通报七起违反中央八项规定精神典型问题,http://www.ccdi.gov.cn/toutiaon/202412/t20241226_396659.html,2024-12-26 17:00,无摘要,中央纪委国家监委网站讯 元旦、春节将至，必须坚守节点，以严的标准深入落实中央八项规定精神。日前，中央纪委国家监委对7起违反中央八项规定精神典型问题进行公开通报。具体如下： 四川省政协原党组成员、副主席杨克宁接受可能影响公正执行公务的宴请和旅游活动安排，违规收受礼品、礼金，违规操办其子婚宴问题。杨克宁多次接受私营企业主安排的高档宴请，饮用高档白酒、食用高档菜肴；杨克宁及其家人接受私营企业主安排的旅游活动，相关费用由私营企业主支付；先后收受多名私营企业主所送礼金和高档白酒；2019年5月，为其子举办婚宴期间，邀请私营企业主等人参加，并收受大额财物。杨克宁还存在其他严重违纪违法问题，被开除党籍、开除公职，涉嫌犯罪问题被移送检察机关依法审查起诉。 甘肃省政府原党组成员、副省长杨子兴违规接受宴请和旅游活动安排，违规公款吃喝等问题。杨子兴多次接受私营企业主安排的宴请，饮用高档白酒，相关费用由私营企业主支付；杨子兴及其亲属多次接受私营企业主安排的旅游活动，相关费用由私营企业主支付；2023年，杨子兴及其亲属在旅游期间，接受原下属提供的宴请和住宿安排，相关费用公款报销。杨子兴还存在其他严重违纪违法问题，被开除党籍，涉嫌犯罪问题被移送检察机关依法审查起诉。 黑龙江省齐齐哈尔市人大常委会原党组成员、副主任刘锋违规收受礼金，违规出入私人会所，接受可能影响公正执行公务的宴请和旅游活动安排等问题。刘锋多次收受管理和服务对象所送礼金；多次出入私人会所，接受私营企业主安排的宴请，食用高档食材，饮用高档白酒；刘锋及其家人接受私营企业主安排的旅游活动，相关费用由私营企业主支付。刘锋还存在其他严重违纪违法问题，被开除党籍、开除公职，涉嫌犯罪问题被移送检察机关依法审查起诉。 国家林业和草原局林草调查规划院原副院长唐小平长期违规收受礼品、礼金问题。唐小平长期收受多名下属所送礼金；对某工程项目进行评估过程中，收受管理和服务对象以“评估费”名义所送礼金；多次收受私营企业主所送大额礼金和高档酒水、茶叶等礼品。唐小平受到留党察看一年、政务撤职处分。 湖北省仙桃市委原常委、原副市长吴熙垚违规组织公款吃喝，违规出入私人会所等问题。2023年11月，吴熙垚在仙桃市政府驻武汉办事处组织私人聚餐，费用由驻武汉办事处承担；在公务活动中，接受超标准、超范围接待；违规出入私人会所，接受私营企业主宴请；多次将应由个人支付的餐费，交由私营企业主支付。吴熙垚受到党内严重警告处分、免职处理。 中国移动广西公司原党委委员、副总经理陈涛接受可能影响公正执行公务的宴请，违规收受礼品问题。2019年至2022年，陈涛多次接受私营企业主在企业内部食堂安排的宴请；多次收受管理和服务对象所送的高档白酒、贵重药品、高档服饰等礼品。陈涛受到撤销党内职务、撤职处分。 中国农业发展银行辽宁省分行营业部原党委委员、副总经理颜鹏违规操办婚丧喜庆问题。2020年7月，时任中国农业发展银行辽宁省营口市分行党委书记、行长颜鹏在操办其父丧事期间，违规收受下属所送礼金；2023年8月，颜鹏在操办其女儿婚宴期间，未按规定向组织报备，违规收受下属等人所送礼金。颜鹏受到党内严重警告、降级处分，免职处理。 中央纪委国家监委指出，中央八项规定是铁规矩、硬杠杠，必须一刻不松、寸步不让，零容忍纠治“四风”，坚决反对特权思想和特权现象，不断培土加固中央八项规定堤坝。各级党组织和领导干部要时刻保持清醒坚定，深刻认识不正之风的严重危害，高度警惕风腐交织的现实风险，毫不松懈抓好干部教育管理监督，坚决打掉一些人降调变调的错误期待，坚决斩断由风及腐的链条，不断以作风建设新成效赢得群众支持、促进事业发展。各级纪检监察机关要把严的基调一贯到底，聚焦领导干部、新提拔干部、年轻干部等关键群体，紧盯违规吃喝、违规收送礼品礼金等突出问题，对顶风违纪行为严查快处，形成强大震慑。要坚持风腐同查同治，以同查破解不正之风隐形变异发现难问题，以同治铲除风腐问题滋生的土壤和条件，一体推进整饬作风、惩治腐败。元旦、春节将至，要盯牢节日期间易发多发的老问题，瞄准隐形变异的新苗头，拓宽畅通举报渠道，用好大数据手段，加强监督检查、明察暗访，及时发现、严肃查处违规违纪行为，通报曝光典型案例，激浊扬清、扶正祛邪，切实让干部群众感受到新气象。,,,1
写在中央八项规定出台12周年之际不松劲 不停步 再出发,http://www.ccdi.gov.cn/toutiaon/202412/t20241204_391926.html,2024-12-04 06:30,无摘要,中央纪委国家监委网站 曹溢 陆丽环 八项规定，改变中国。 2012年12月4日，中共中央政治局审议通过关于改进工作作风、密切联系群众的八项规定，即“中央八项规定”，至今已12年。以习近平同志为核心的党中央时刻保持解决大党独有难题的清醒和坚定，坚持不懈推进中央八项规定精神贯彻落实，以钉钉子精神坚决纠治形式主义、官僚主义、享乐主义和奢靡之风，坚决破除特权思想、特权行为，推动百年大党在自我革命中不断焕发蓬勃生机。 时至今日，八项规定已成为作风建设的代名词、新时代共产党人的一张“金色名片”。 锲而不舍、持之以恒，把贯彻落实中央八项规定精神一抓到底 2023年年终岁末，中共中央政治局一连两天召开学习贯彻习近平新时代中国特色社会主义思想主题教育专题民主生活会。会议的一项重要议程，即是听取关于党的二十大以来中央政治局贯彻执行中央八项规定情况的报告。 12年来，以习近平同志为核心的党中央始终把持之以恒贯彻执行中央八项规定精神、加强作风建设放在突出位置来抓，作出了一系列重大决策部署。 中央政治局常委会会议、中央政治局会议，对贯彻执行中央八项规定、加强作风建设进行专门研究部署； 每年召开的中央全会、中央纪委全会、中央经济工作会议等重要会议，都对持之以恒抓好党的作风建设、贯彻落实中央八项规定精神提出新要求； 针对党风廉政建设、树立和践行正确政绩观、反对形式主义官僚主义、改进调查研究、推广“四下基层”、查处违规聚餐饮酒等，习近平总书记作出一系列重要批示。 12年来，习近平总书记在不同阶段、不同场合发表了一系列重要讲话，为持续加固中央八项规定堤坝、推动作风建设常态化长效化指明了前进方向、提供了根本遵循。 “中央政治局同志要对照新修订的中央八项规定实施细则，一条一条严格对标对表，不折不扣抓好贯彻落实，重点纠治形式主义、官僚主义顽疾，带头弘扬党的优良作风。” “为什么党中央要从八项规定入手抓党风廉政建设？就是因为‘四风’和腐败问题互为表里，是腐败滋长的温床。” “要把纠治形式主义、官僚主义摆在更加突出位置，作为作风建设的重点任务，研究针对性举措，科学精准靶向整治，动真碰硬、务求实效。” “在改进作风问题上，我们不能退，也退不得，必须保持常抓的韧劲、长抓的耐心，在坚持中见常态，向制度建设要长效。” 风清则气正，气正则心齐，心齐则事成。 在以习近平同志为核心的党中央坚强领导下，全党上下锲而不舍贯彻落实中央八项规定精神，不断把作风建设引向深入，一个充满活力的马克思主义政党正以优良的作风形象、饱满的精神状态奋进新征程、建功新时代。 守正创新，以改革精神和严的要求科学精准整治作风顽疾 2024年中秋、国庆节假前夕，中央纪委国家监委公开通报八起违反中央八项规定精神典型问题，再次释放紧盯关键时间节点、严抓作风问题的鲜明信号。 作风建设永远在路上，永远没有休止符。 12年来，各地区各部门持续深入学习贯彻习近平新时代中国特色社会主义思想，深刻把握作风建设新形势新任务新要求，不断深化对“四风”问题的规律性认识，以改革精神和严的要求科学精准整治作风顽疾。 始终坚持有效经验——建立健全节点监督检查、典型案例通报机制，打出教育提醒、通报曝光、明察暗访、严查快处等“组合拳”，坚决遏制节日期间易发多发的“四风”问题，推动风气持续向好。 不断完善统计指标——2013年8月，中央纪委建立违反中央八项规定精神问题查处情况月报制度。2019年12月，中央纪委国家监委首次向社会公开发布4类形式主义、官僚主义问题查处数据，并对查处享乐主义、奢靡之风问题的数据统计指标进行优化调整。 不断拓展纠治重点——先从公款购买赠送月饼、贺年卡、烟花爆竹等群众反映强烈的具体问题抓起，之后又拓展到抓违规公款吃喝送礼、公款旅游、公车私用、违规建设楼堂馆所、大办婚丧喜庆、滥发钱物、出入私人会所等12个方面具体问题，以小见大，由易到难，推动作风整体好转。 不断升级战术打法——坚持风腐同查同治，既“由风查腐”，防止“以风盖腐”，深挖不正之风背后的请托办事、利益输送等腐败问题，又“由腐纠风”，细查腐败背后的享乐奢靡等作风问题，坚决铲除腐败滋生的土壤和条件。 标本兼治，以作风建设新成效为奋进新征程保驾护航 “为民办实事的党员干部多了，共产党的威信在群众中有很大提升。”有着60多年党龄的老党员崔荣海感慨道。 2014年12月，习近平总书记在江苏考察时来到镇江市丹徒区世业镇，老党员崔荣海紧握总书记的手说：“您是腐败分子的克星，全国人民的福星。” 细微之处见变化，百姓心中自有秤。 从把纠治形式主义、官僚主义摆在更加突出位置，到针对享乐主义、奢靡之风突出问题加大纠治力度，严肃查处并通报多地领导干部违规聚餐饮酒问题，对办公用房超标问题紧盯不放……各级纪检监察机关坚持严的基调不动摇，紧盯普遍发生、反复出现的作风顽疾，紧盯问题突出、工作薄弱的领域和地区，靶向发力、重点突破，推动作风建设抓紧抓实、抓出成效。 一年一个样，12年大变样。 ——中央八项规定精神的贯彻落实，在政治上打造“青山绿水”，党内政治生态得以改善。 党内上下级关系、同志关系变清爽了，党员干部逐渐从繁文缛节、文山会海、迎来送往中解脱出来，以务实的改革精神、清廉的工作作风，察民情、晓民意、解民忧、排民难。 ——中央八项规定精神的贯彻落实，让一度笼罩在潜规则之下的政商关系回归正常。“亲”“清”新型政商关系，消除了那些抑制市场主体活力、损害公平竞争的不利因素，为经济发展营造出更良性长久的市场环境。 海南省纪委监委从政、企两端发力，连续三年开展经营主体廉洁从业教育活动，持续推动构建亲清政商关系和廉洁经营市场环境。 “作为自贸港建设的参与者和见证人，我耳闻目睹了海南营商环境发生的深刻变化，各级党委和政府对营商环境的重视程度、破解制约营商环境优化各种因素的力度都是前所未有的。”海南省工商联（总商会）副主席，海南大鹏投资控股集团有限公司董事长杨坤说。 ——中央八项规定精神的贯彻落实，把匡正党风与弘扬良好道德风尚结合起来，吃穿攀比、大操大办等不良风气得到有效遏制，新风正气不断充盈。 “我自觉遵守新规定，带头退还超额彩礼……”四川省乐山市马边彝族自治县三溪村村委会特别会议现场，在村“两委”和村民代表的共同见证下，耍惹某某退还14.1万元礼金，作出新风承诺。 近年来，当地纪委监委逐项开展违规公款吃喝、大操大办婚丧喜庆等23项问题专项治理，会同有关部门出台纪律规定，督促党员干部和公职人员带头自觉抵制陈规陋习。如今，走进彝家新寨，迎接客人的是一杯清茶、一声问候，新风朗朗。 激浊扬清，久久为功。 党的二十大对锲而不舍落实中央八项规定精神作出重要部署。二十届中央纪委三次全会把突出常态长效深化落实中央八项规定精神列为年度主要工作任务。新征程上，在以习近平同志为核心的党中央坚强领导下，不断增强以自我革命精神推进作风建设的政治自觉，一以贯之、守正创新，驰而不息正风肃纪，将作风建设引向深入，定能为以中国式现代化全面推进强国建设、民族复兴伟业提供坚强保障！,,,1
广安观潮丨以改革精神、严的要求纠治形式主义官僚主义,http://www.ccdi.gov.cn/pln/202410/t20241011_380191.html,2024-10-11 07:37,无摘要,中央纪委国家监委网站 王新民 宁夏回族自治区固原市卫生健康委党组成员、副主任杨彦平在组织开展创建国家卫生城市工作中下达不切实际的任务，河南省商丘市梁园区环境卫生事务中心副主任吕红兵违规组织开展生活垃圾分类考核评比，新疆维吾尔自治区霍尔果斯市伊车嘎善锡伯族乡卫生院院长于斌组织会议过多过频……不久前，中央纪委国家监委公开通报八起违反中央八项规定精神典型问题，其中三起涉及形式主义、官僚主义，加重基层负担问题，要求以改革精神、严的要求纠治形式主义、官僚主义，加强对《整治形式主义为基层减负若干规定》执行情况的监督检查，真抓真管、严抓严管，确保各项规定落地见效，激励广大干部担当作为。 形式主义、官僚主义是党和国家事业发展的大敌。近年来，以习近平同志为核心的党中央把解决形式主义突出问题和为基层减负结合起来，作为党的作风建设重要内容统筹谋划、一体推进。从印发《关于解决形式主义突出问题为基层减负的通知》，提出一系列硬杠杠硬举措，到建立中央层面整治形式主义为基层减负专项工作机制，再到建立为基层减负反面典型案例通报曝光等机制，打出了一套组合拳，解决了一批突出问题，取得了明显成效。也要看到，形式主义、官僚主义是顽瘴痼疾，具有顽固性和反复性，且花样不断翻新。党的二十届三中全会对持续深化拓展整治形式主义为基层减负作出部署，明确提出要健全为基层减负长效机制。必须以改革精神、严的要求，下大力气坚决纠治形式主义、官僚主义，切实把基层党员干部从形式主义、官僚主义的束缚中解脱出来，把更多精力用到抓落实上。 以改革精神破解顽瘴痼疾。当前，文山会海、督查检查过多过频等现象在一些地区和单位仍较为突出，有的搞“指尖上的形式主义”，有的考核体系设计繁琐、指标设置过分细化碎片化、分值过度“膨胀”，甚至出现“千分制”“双千分制”等问题。深化整治形式主义为基层减负，必须坚持以改革精神破解顽瘴痼疾。《整治形式主义为基层减负若干规定》聚焦“小切口”设定“硬约束”，注重细化实化措施要求，坚持定性定量相结合，压缩工作模糊空间地带，建立清晰明确的制度规范，推动整治工作在制度轨道上规范化运行，不断向治本深化。各地各部门要对照《若干规定》认真检视存在的突出问题，严格按照规定要求进行整改。对基层党员干部反映强烈的突出问题，发现一个整治一个；对具有一定典型性、普遍性的问题，集中力量开展专项整治和清理。 以严的要求打好攻坚战持久战。基层是贯彻落实党中央决策部署的“最后一公里”，不能被一些形式主义、官僚主义束缚住手脚。各地各部门要提高政治站位，党委（党组）履行好主体责任，通过加强学习培训、坚持以上率下、强化问题整改，把《若干规定》各项要求落实到各条线各领域各环节。纪检监察机关要加强监督检查，对加重基层负担的形式主义、官僚主义问题，做到发现一起，坚决查处一起，典型问题公开通报，强化法规制度的刚性和约束力。要创新思路，针对形式主义、官僚主义在不同地区、不同领域、不同层级的不同表现，聚焦重点领域靶向纠治。紧盯文山会海、指尖上的形式主义、督查检查过多过频、“小马拉大车”等问题深化治理，推动从“解决一个问题”向“解决一类问题”延伸。 以减负成效激励干部担当作为。减负是方法、手段，激励担当作为是目标、方向。考核化繁为简，不搞“繁琐哲学”；推动责权一致、责能一致；把基层“强身”和机关“瘦身”有机结合起来……《若干规定》针对一些亟需破除的深层次体制机制障碍，让基层从形式主义、官僚主义的束缚中解脱出来，有更多时间精力抓落实作出制度性安排，鲜明树立了用改革创新的办法为基层减负赋能、激励干部担当作为的工作导向。“减负”不是“减责任”，更不是“减担当”。广大党员干部要更加积极主动开拓进取、真抓实干，将减负成效化作新征程上攻坚克难的强大动力。,,,2
广安观潮 | 坚持和深化运用节点监督的有效经验做法,http://www.ccdi.gov.cn/pln/202409/t20240926_377777.html,2024-09-26 06:00,无摘要,中央纪委国家监委网站 李鹃 节点就是考点，越是节假日等重要节点，纠“四风”越是一刻都不能放松。节日风气是干部群众观察党风政风、感受社风民风的重要风向标，是正风肃纪反腐工作成效的重要体现。当前，中秋已过、国庆将至，要坚持和深化运用节点监督的有效经验做法，坚决遏制节日期间易发多发的“四风”问题，推动风气持续向好，不断加固中央八项规定堤坝。 坚持和深化运用节点监督，是加强作风建设的重要经验。党的十八大以来，各级纪检监察机关深入贯彻落实中央八项规定精神，紧盯元旦、春节、“五一”、中秋、国庆等重要节点，坚持和完善节前教育提醒、通报曝光，节中监督检查、明察暗访，节后严查快处、督促整改等工作机制，一个节点一个节点坚守，锲而不舍、串点成线，筑起遏制“四风”滋生蔓延的牢固防线，有力推动节日风气持续向好。同时也要看到，“节日病”“节日腐败”问题仍未销声匿迹，纠治节日“四风”问题仍需久久为功。要坚持和深化运用实践中积累的宝贵经验，打好节点监督“组合拳”，驰而不息强化监督执纪，以节日风气之变推动党风政风持续向好。 节前教育提醒、通报曝光，为党员干部打好“预防针”、拧紧“廉洁弦”。中秋节前，中央纪委国家监委公开通报八起违反中央八项规定精神典型问题，北京、上海、陕西多地相继通报查处的典型案例。把握时间节点、公开通报曝光，就是要强化警示震慑，释放持之以恒落实中央八项规定精神、驰而不息纠治“四风”的强烈信号。要进一步抓实抓细节前廉洁提醒，把常态长效推进纪律教育同党性教育、廉洁教育贯通起来，引导党员干部把增强党性、严守纪律、砥砺作风融入日常、化为习惯，时刻绷紧纪律规矩之弦。要坚持正向引导和反面警示相结合，充分运用“四风”典型案例特别是身边人身边事开展警示教育，促进干部引以为戒、醒悟知止，做到过节不“失节”。要抓住“关键少数”以上率下，从领导机关抓起、从领导干部严起，推动其发挥示范表率作用，带动各级清廉过节、节俭过节。 节中监督检查、明察暗访，抓住节日期间易发多发的问题深化整治，坚决防止旧弊未除、新弊又生。纠治节日“四风”问题，必须坚持一个问题一个问题解决，什么问题突出就重点纠治什么问题。从各地查处和通报的情况看，节日期间“四风”问题易发多发，违规吃喝、违规收受礼品礼金、公车私用、借操办婚宴敛财等都是反复出现的“常见病”“节日病”。要准确把握“四风”老问题新动向，紧盯披着人情往来外衣的作风顽疾、节日出行中的不正之风，综合运用专项检查、明察暗访、群众监督、大数据筛查等方式，深入摸排违反中央八项规定精神的问题线索，持续增强监督穿透力有效性。要把握不同地区、不同领域、不同层级节日“四风”问题的突出表现，把握风腐一体的阶段性特征，既“由风查腐”，深挖不正之风背后的请托办事、利益输送等腐败问题，又“由腐纠风”，细查腐败背后的享乐奢靡等作风问题。 节后严查快处、督促整改，不断推动作风建设向纵深发展。查办案件是最有力的监督、最有效的震慑，纠治“四风”问题、释放从严信号，就要对节日期间发现的线索严查快结，对不收敛不收手、顶风违纪问题从严处置，坚决落实严的措施。要做好以案促改、以案促治，深入剖析“四风”案件，查找案发单位制度机制和管理上的漏洞，通过提出纪检监察建议等方式，督促整改和建章立制。对于普遍发生、反复出现的节日“四风”问题，要加强类案分析，把查处“四风”问题更加紧密地同深化改革、完善制度、促进治理贯通起来，扎牢织密制度笼子，形成长效保障，不断铲除不正之风和腐败滋生的土壤。,,,2
"纪检监察机关持之以恒纠治节日""四风"" 坚守节点筑牢中央八项规定堤坝",http://www.ccdi.gov.cn/toutiaon/202409/t20240916_375696.html,2024-09-16 07:00,无摘要,中央纪委国家监委网站 韩思宁 “落实中央八项规定精神，必须始终坚持严的基调，强化问题导向，以解决问题实效持续擦亮作风建设‘金色名片’。”日前，中央纪委国家监委公开通报8起违反中央八项规定精神典型问题，并对纠治节日“四风”工作提出明确要求。多地纪检监察机关近期也陆续通报违规收受礼品礼金、违规吃喝等典型案例，持续释放一严到底、寸步不让纠治“四风”的强烈信号。 节点就是考点，过节不能失节。中秋、国庆临近，纪检监察机关紧盯节日期间易发多发的“四风”顽疾，驰而不息强化监督执纪，打出教育提醒、通报曝光，监督检查、明察暗访，严查快处、督促整改的“组合拳”，在坚守节点中筑牢中央八项规定堤坝。 近日，甘肃省纪委监委党风政风监督室正制定工作方案，会同公安、审计、市场监管、税务等部门，成立明察暗访组，针对中秋、国庆节点“四风”易发多发问题开展明察暗访。“我们将随机抽查党政机关、学校、医院、国有企业及其内部食堂，暗访酒店、茶楼、烟酒专卖店、农家乐、大型商超等场所，明察暗访组分别与有关负责人、财务人员、采购人员、经销商等开展谈话，并通过查看账目票据、调取数据等方式，掌握餐费处理、接待用餐等情况，深入纠治违规收送礼品礼金、违规吃喝等不正之风。”甘肃省纪委监委党风政风监督室有关负责同志表示。 甘肃省纪委监委还召开推进违规吃喝、违规旅游专项整治座谈会，深入分析研判“四风”问题的特点规律和变化趋势，查找问题不足，细化工作举措。动态掌握巡视巡察、审计、财政及有关职能部门移交的问题线索，通过严管严治，持续亮明严的态度，营造严的氛围，锲而不舍落实中央八项规定精神。 是否存在违规收送礼品礼金、蟹卡蟹券、“天价”月饼等问题；是否存在违规列支购买礼品、卡券费用等非正常支出问题；公务接待中是否存在提供高档菜肴、烟酒，使用私人会所、高消费场所等问题……近日，吉林省纪委监委紧盯节日期间易发多发问题，组织开展监督检查，通过查阅台账资料、财务报销凭证、订餐记录，以及实地走访等方式，深入纠治违规吃喝、收送节礼等突出问题。 “越是临近节点，越要绷紧弦、拉满弓、加足劲，始终保持严的基调，对顶风违纪行为露头就打，坚决防止节日‘四风’问题反弹回潮。”吉林省纪委监委党风政风监督室有关负责同志表示。 为增强监督穿透力和有效性，山东省青岛市纪委监委从市级层面抽调专业力量组成若干明察暗访组，紧盯关键少数、重点场所，开展随机抽查和协同检查。同时，组织各区（市）之间开展交互检查，并督促区（市）和市直部门（单位）组织自查，着力发现和纠治违规吃喝、违规收送礼品礼金等突出问题。青岛市纪委监委党风政风监督室有关负责同志说：“我们综合运用多种监督方式，完善与职能部门的工作会商、信息交流、线索移送等机制，增强纠治‘四风’合力，严防不正之风滋生蔓延。” 聚焦蟹卡蟹券背后的公款购买、违规收送等问题，江苏省苏州市相城区纪委监委综合当前蟹卡品种多等实际，梳理明确违规购买、冲抵入账、电商销售、快递提货、等额变现等5类监督重点，为开展监督检查提供指引。 “我们深入农产品销售公司、水产市场、大闸蟹养殖基地、农家乐等场所开展明察暗访，对机关单位、国资公司、村（社区）财务票据进行核查，着力发现并查处违规收送等问题。”相城区纪委监委有关负责同志表示。 查办案件是最有力的监督、最有效的震慑。近日，浙江省义乌市纪委监委监督发现一处以茶楼为名义的“一桌餐”招待点，并查处一起3名公职人员在该茶楼违规吃喝案例，相关人员受到处分。紧盯“四风”老问题新动向，义乌市纪委监委强化明察暗访“源头查”、协同监督“联动查”，瞄准商会、协会、企业内设食堂等隐蔽场所，先由全市各镇街纪（工）委自行开展检查，再由市正风肃纪督导组随机指派组员参与检查。对于收集到的“四风”问题线索，安排专项调查组重点督查督办，确保问题发现及时、处置到位。,,,2
中央纪委国家监委公开通报八起违反中央八项规定精神典型问题,http://www.ccdi.gov.cn/toutiaon/202409/t20240912_374829.html,2024-09-12 18:00,无摘要,中央纪委国家监委网站讯 中秋、国庆节假将至，落实中央八项规定精神必须严抓不放、常抓不懈。日前，中央纪委国家监委对8起违反中央八项规定精神典型问题进行公开通报。具体如下： 1.西藏自治区政府原党组成员、副主席王勇接受可能影响公正执行公务的宴请，违规收受礼品、礼金，违规借用车辆等问题。2013年至2024年，王勇多次接受私营企业主安排的宴请，食用高档菜肴，饮用高档白酒，相关费用均由私营企业主支付；多次收受私营企业主所送礼金和高档手表、首饰、高档白酒等礼品；长期无偿借用多名私营企业主提供的车辆，并接受私营企业主安排司机为其出行提供接送服务。王勇还存在其他严重违纪违法问题，被开除党籍、开除公职，涉嫌犯罪问题被移送检察机关依法审查起诉。 2.国家金融监督管理总局稽查局一级巡视员贾沛文接受可能影响公正执行公务的宴请，违规收受礼品问题。2019年至2022年，贾沛文多次接受可能影响公正执行公务的宴请，餐后违规收受高档白酒。贾沛文受到党内警告处分。 3.上海市政协原党组成员、秘书长黄国平接受可能影响公正执行公务的宴请，违规收受礼金问题。2022年至2023年，黄国平多次接受私营企业主和下属安排的高档宴请，收受下属所送礼金。黄国平受到党内严重警告、政务记大过处分。 4.中国电子信息产业集团所属中国瑞达投资发展集团有限公司原党委副书记、总经理张志勇违规公款吃喝问题。2023年9月，张志勇组织本企业有关人员聚餐，相关费用先以业务招待费名义公款报销，后续为进一步掩盖公款吃喝问题，又将餐饮发票替换为办公用品发票，将业务招待费名义更改为办公用品费用名义。张志勇受到党内严重警告处分、调整职务处理。 5.广东省中山市住房和城乡建设局党组成员、副局长黄民强违规收受礼品、礼金，接受可能影响公正执行公务的宴请问题。2013年至2023年，黄民强多次收受私营企业主所送礼金以及高档烟酒等礼品；多次接受私营企业主在企业内部食堂等场所安排的宴请，费用均由私营企业主支付。黄民强受到党内严重警告处分。 6.宁夏回族自治区固原市卫生健康委党组成员、副主任杨彦平在组织开展创建国家卫生城市工作中下达不切实际的任务，加重基层负担问题。2024年1月，固原市卫生健康委在组织开展创卫城市工作满意度网上问卷调查工作中，为确保问卷调查满意度达到90%以上，以固原市爱卫办的名义，向原州区和市直相关部门下达不切实际的任务指标，并分别明确了公务员、教师、学生、医务人员的填卷比例。原州区为完成考核任务再次下发通知，要求各单位按照指标完成问卷调查、截图留痕，部分学校还通知学生家长参与问卷调查。杨彦平受到党内严重警告处分。 7.河南省商丘市梁园区环境卫生事务中心副主任吕红兵违规组织开展生活垃圾分类考核评比，加重基层负担问题。2022年6月至2024年5月，吕红兵在梁园区生活垃圾分类考核事项没有列入全区督查检查考核事项、没有按程序报批的情况下，定期对有关单位进行随机抽查考核，共违规组织开展考核7次；其间，还擅自组织4次城市生活垃圾分类考核评比活动，加重基层负担。吕红兵受到党内警告处分。 8.新疆维吾尔自治区霍尔果斯市伊车嘎善锡伯族乡卫生院院长于斌组织会议过多过频，加重基层负担问题。于斌落实基层减负要求不到位，大搞文山会海，2023年召开晨会和午会共计200余次，要求全体医护人员参加，影响医护人员接诊。于斌还存在其他违纪问题，受到党内严重警告处分。 中央纪委国家监委指出，落实中央八项规定精神，必须始终坚持严的基调，强化问题导向，以解决问题实效持续擦亮作风建设“金色名片”。通报的上述问题是当前作风顽疾，损害党的形象、影响党的事业，干部群众反映强烈。各级党组织必须保持高度警醒，牢牢扛起作风建设主体责任，紧盯领导干部、新提拔干部、年轻干部等关键群体，聚焦作决策、定政策、审批监管等关键环节，锲而不舍纠“四风”、树新风，把作风要求传导给每一名同志、落实到每一项工作中。各级纪检监察机关要以铁的纪律狠刹享乐奢靡歪风，对违规吃喝、违规收送礼品礼金等顽瘴痼疾出重拳、下狠手，一体推进不正之风和腐败问题同查同治，让违规违纪者知痛知止。要以改革精神、严的要求纠治形式主义、官僚主义，加强对《整治形式主义为基层减负若干规定》执行情况的监督检查，真抓真管、严抓严管，确保各项规定落地见效，激励广大干部担当作为。中秋、国庆节假将至，要坚持和深化运用节点监督的有效经验做法，打好教育提醒、通报曝光，监督检查、明察暗访，严查快处、督促整改的“组合拳”，坚决遏制节日期间易发多发的“四风”问题，推动风气持续向好，不断加固中央八项规定堤坝。,,,2
深度关注丨常态长效纠治“四风”,http://www.ccdi.gov.cn/toutiaon/202407/t20240727_364367.html,2024-07-27 07:00,无摘要,常态长效纠治“四风” 解读全国查处违反中央八项规定精神问题“半年报” 中央纪委国家监委网站 陆丽环 江苏省东海县纪委监委紧盯联系服务群众中消极应付、冷硬横推、效率低下等形式主义、官僚主义问题，围绕政务窗口服务作风、政策执行情况等开展监督检查。图为近日，该县纪检监察干部走访政务服务中心了解有关情况。 钱小萍 摄 浙江省淳安县纪委监委紧盯违反中央八项规定精神问题线索开展监督检查，重点整治违规公务接待、假借接待之名搞公款吃喝、“不吃公款吃老板”等违规吃喝问题。图为近日，该县纪检监察干部在千岛湖镇查看相关账目。 谢航凯 摄 7月25日，中央纪委国家监委公布了今年上半年全国查处违反中央八项规定精神问题汇总情况。上半年，全国共查处违反中央八项规定精神问题75571起，批评教育和处理104363人，其中党纪政务处分73414人。 “半年报”实实在在地反映出纪检监察机关的工作成效，体现出抓早抓小、防微杜渐，以钉钉子精神纠“四风”树新风，常态长效深化落实中央八项规定精神的坚定决心。 以永远在路上的韧劲和执着，坚决落实中央八项规定精神 党风问题关系执政党的生死存亡，必须以永远在路上的韧劲和执着，坚决落实中央八项规定精神。 二十届中央纪委三次全会上，习近平总书记提出“深入开展党性党风党纪教育，传承党的光荣传统和优良作风，激发共产党员崇高理想追求”，为全党以严的基调正风肃纪提供了根本遵循。 锚定当前作风建设形势任务要求，二十届中央纪委三次全会指出，制定实施中央八项规定，是我们党在新时代的徙木立信之举，赢得了党心民心，厚植了执政根基，必须常抓不懈、久久为功，坚决筑牢中央八项规定堤坝，并对“坚决防止享乐主义、奢靡之风反弹回潮”“重拳纠治干部群众反映强烈的形式主义、官僚主义”作出部署。 把严的要求贯彻始终，中央纪委书记李希在江苏、四川调研时强调，“坚持党性党风党纪一起抓”“纠治‘四风’顽疾，铲除腐败滋生的土壤和条件”“要把党纪学习教育与持续深化整治形式主义有机结合”…… 各级纪检监察机关毫不动摇坚持严的基调、严的措施、严的氛围纠治“四风”，把严的要求落实到思想教育、执纪执法、制度建设等各方面，推动广大党员干部做到思想从严、守纪从严、作风从严，习惯在受监督和约束的环境中工作生活。 数据显示，上半年，全国共查处形式主义、官僚主义问题34523起，查处享乐主义、奢靡之风问题41048起，两类问题查处数量均同比上升。数据的变化，一方面表明党中央坚持全面从严、一严到底纠治“四风”的鲜明立场和有力措施，体现了新时代加强作风建设一以贯之的坚决态度；另一方面反映出作风建设不可能一蹴而就、毕其功于一役，必须坚决落实党中央关于作风建设的各项部署，坚持“马不离鞍、缰不松手”，反复抓、抓反复，驰而不息落实中央八项规定精神，不断把作风建设引向深入。 深挖根源、找准症结，重拳纠治干部群众反映强烈的形式主义官僚主义 形式主义、官僚主义是实现新时代新征程党的使命任务的大敌，必须深挖根源、找准症结，精准纠治、增强实效。 二十届中央纪委三次全会从“紧盯影响党中央决策部署落实落地现象”“紧盯影响高质量发展的不作为乱作为现象”“紧盯加重基层负担现象”“紧盯权力观扭曲、政绩观错位现象”四个方面，要求重拳纠治干部群众反映强烈的形式主义、官僚主义，体现出纪检监察机关坚决破除形式主义、官僚主义顽瘴痼疾的坚定态度，彰显党中央动真碰硬纠治的决心立场。 在履职尽责、服务经济社会发展和生态环境保护方面不担当、不作为、乱作为、假作为，是严重影响高质量发展的突出问题。上半年，全国共查处这方面问题29888起，占查处的形式主义、官僚主义问题总数的86.6%。此类问题占比居高，一方面反映出纪检监察机关强化政治监督，深入整治贪大求洋、任性决策、敷衍塞责、冷硬横推等问题的工作成效。另一方面，也表明纠治不担当、不作为、乱作为、假作为等问题必须常抓不懈，把严的基调长期坚持下去。 整治形式主义为基层减负，是党中央连续6年专门部署推动的重要工作。4月8日，中央层面整治形式主义为基层减负专项工作机制办公室、中央纪委办公厅公开通报3起整治形式主义为基层减负典型问题，持续释放重点纠治形式主义为基层减负的强烈信号。各地纪检监察机关紧盯加重基层负担现象，持续纠治文山会海、督查检查调研扎堆、工作过度留痕、任务层层加码、“指尖上的形式主义”等问题。上半年，全国共查处文山会海反弹回潮，文风会风不实不正，督查检查考核过多过频、过度留痕，给基层造成严重负担问题229起，批评教育和处理350人，其中党纪政务处分100人。 紧盯违规吃喝问题，持续开展专项整治 4月24日，中央纪委国家监委公开通报8起违规吃喝典型问题。这些问题涉及“吃公函”“吃老板”“吃下级”等顶风违纪、隐形变异问题。在“五一”节前以专题形式公开通报，释放出坚决整治违规吃喝突出问题的强烈信号。 违规吃喝问题绝非小事小节，其侵蚀中央八项规定堤坝，损害党的形象，滋生政治和腐败问题。二十届中央纪委三次全会深刻把握当前“四风”规律特点，对专项整治违规吃喝问题作出重要部署，明确严查“吃公函”、“吃食堂”、“吃老板”、“吃下级”等问题，坚决防止金融、国企等单位公务接待“特殊论”。 各级纪检监察机关结合各地实际，开展违规吃喝问题专项整治。工作中，既严查严纠违规问题，又标本兼治，坚决铲除土壤、堵塞漏洞，以坚定态度、有力行动、务实举措，对违规吃喝问题开展了一次“大扫除”。 广西壮族自治区纪委监委把近年来查办的案件“逐案过筛”，梳理出10处在高档小区、公司内部的“一桌餐”等隐蔽场所，推动市场监管、公安、消防等部门联合开展排查、清理整顿。安徽省纪委监委抽调精干力量组成专项检查小组，紧盯重要节日，对内部食堂、私人会所、“一桌餐”隐蔽场所开展检查，及时发现违规吃喝问题线索。甘肃省纪委监委通过梳理票据、调取数据进行分析等方式，深挖细查党员干部违规吃喝问题。湖北省纪委监委做实违规吃喝典型案例“三书一报告”，针对查处的典型问题，向案发地方和单位发送纪检监察建议，督促限期整改、完善制度、强化监管。山东省威海市纪委监委对节点察访发现的违规吃喝问题进行深入分析，监督推动相关部门单位严格落实公款使用、接待管理等制度规定，等等。 以重点问题突破带动纠治“四风”工作整体推进。数据显示，上半年，全国共查处违规吃喝问题9206起，批评教育和处理14509人，其中党纪政务处分10319人。 坚持风腐同查同治，坚决铲除腐败滋生的土壤和条件 新征程反腐败斗争，必须在铲除腐败滋生的土壤和条件上持续发力、纵深推进。 二十届中央纪委三次全会指出，健全风腐同查同治工作机制，既“由风查腐”，防止“以风盖腐”，深挖不正之风背后的请托办事、利益输送等腐败问题，又“由腐纠风”，细查腐败背后的享乐奢靡等作风问题。 今年上半年，全国查处的违规收送名贵特产和礼品礼金、违规吃喝这2类问题分别占查处的享乐主义、奢靡之风问题的47.4%、22.4%。 违规收送礼品礼金、违规吃喝问题往往是滋生腐败的温床，必须抓早抓小、关口前移。各级纪检监察机关准确把握风腐一体问题的特点规律，盯住突出问题、关键环节，坚定不移推进风腐同查同治，创造了许多好的经验做法。 四川省纪委监委坚持既对个案循线深挖，同步开展类案分析，找准纠治作风问题的点位和方向，又对共性作风问题开展专项整治，针对案件暴露出的制度问题推动堵塞漏洞，在规范化、长效化中不断增强治理效能。 北京市通州区纪委监委既查清不正之风现象的事情缘由、关联人员、问题性质，深挖背后的请托办事、利益输送等腐败问题“关系网”和“利益链”，又在审查调查中，做到凡查腐败案件必挖作风问题，既查清涉案对象本人的“四风”问题，也跳出个案看部门和地方的干部作风、政治生态。 江苏省连云港市连云区纪委监委制定出台《关于深化开展“由腐追风”工作的实施办法》，明确案件启动初、办理中、移送前等相关环节风腐一体问题核查要点，从腐败案件中梳理分析违规吃喝问题新动向。 党的二十届三中全会通过的《中共中央关于进一步全面深化改革、推进中国式现代化的决定》，对锲而不舍落实中央八项规定精神提出明确要求，是新起点上加强作风建设，持续推进新时代党的建设新的伟大工程的动员令。新征程上，各级纪检监察机关要深化认识、强化担当、创新思路，常态长效深化落实中央八项规定精神，坚持纠“四风”树新风并举，纵深推进作风建设，为党员干部干事创业营造良好环境，助力各项改革部署落地见效。,,,2
贯彻落实中央纪委三次全会精神小切口发力深化作风建设,http://www.ccdi.gov.cn/toutiaon/202406/t20240617_355104.html,2024-06-17 06:30,无摘要,江西专项整治违规收送高档烟酒 小切口发力深化作风建设 “健全风腐同查同治工作机制”系列报道之一 中央纪委国家监委网站 曹溢 自江西报道 江西省安远县纪委监委联合相关部门成立专项监督检查组，深入辖区商超、烟酒行、餐馆等场所开展监督检查，严肃查处公款购买礼品、违规收送高档烟酒等问题。图为近日，该县专项监督检查组在某商超了解有关情况。李世洪 摄 日前，江西省纪委监委、江西省高级人民法院、江西省人民检察院联合印发关于收受高档酒构成受贿犯罪的指导性案例，对实践中存在的“收受高档酒只是违纪不是受贿”等错误思想和模糊认识，进一步释纪明法，规范定性量纪。 这是江西加大风腐同查同治力度，推动全省违规收送高档烟酒专项整治的一项重要举措。 今年春节前夕，江西省委办公厅印发通知，部署在全省开展领导干部违规收送高档烟酒专项整治。通知明确“全省党员、干部和公职人员一律不得收送可能影响公正执行公务，或者明显超出正常礼尚往来的高档烟酒”，强调“自本通知印发之日起，顶风违规收送茅台酒等高档烟酒的，一律从严从重处理”，充分释放出对违规收送高档烟酒“零容忍”的态度与决心。 把整治违规收送高档烟酒问题作为纵深推进全面从严治党、深化落实中央八项规定精神的有效抓手统筹推进 “有的党员干部对‘送上门’的烟酒来者不拒。”1月29日，江西省纪委监委通报了13起违反中央八项规定精神搞特权典型案例。通报深刻剖析党员干部“收受高档烟酒敛财办事”的动机和过程，有针对性地提出整改整治意见。 “我们在调研中发现，全省查处的违规送礼问题在违反中央八项规定精神问题中占比较大，且与高档烟酒有关的占比过半。”江西省纪委监委党风政风监督室副主任毛晖圆说。 这一点，在查处的江西省人大常委会原党组副书记、副主任殷美根案中也得到印证。 “五一”前夕，中央纪委国家监委公开通报殷美根在私人会所接受可能影响公正执行公务的宴请等问题。通报指出，2013年至2023年，殷美根多次违规接受私营企业主在南昌市多个私人会所安排的宴请；违规收受管理和服务对象所送高档白酒等礼品和礼金。 党员干部违规收受高档烟酒绝非小事，绝不是人情小节，绝不能成为违法乱纪的“挡箭牌”。“要针对案件暴露出的问题，系统梳理、举一反三，进一步完善体制机制，增强制度约束力。”江西省委书记尹弘在省委常委会会议审议案件时，提出明确要求。 江西省委把整治违规收送高档烟酒问题作为纵深推进全面从严治党、深化落实中央八项规定精神的有效抓手统筹推进。省委常委会会议研究贯彻落实意见，牢牢扛起主体责任。 江西省纪委监委立足自身职能职责，制发整改整治重点工作方案，从牵头组织开展专项整治、监督推动突出问题整治、加强重点领域制度建设等方面明确13项重点工作任务。按照“全省一盘棋”的思路，将任务分解到省纪委监委机关各部门、各派驻机构和各设区市纪委监委，要求各责任部门进一步提高政治站位，细化工作举措，将违规收送高档烟酒问题作为监督检查、审查调查重点，深挖彻查腐败案件中领导干部违规收送高档烟酒问题，确保各项任务要求不折不扣落实落细。 深刻把握风腐交织特点，保持“由风查腐”循线深挖、“以腐看风”双向突破的工作自觉 3月29日，江西省纪委监委发布消息：江西省抚州市政协原党组成员、副主席吴建发被开除党籍。通报指出，吴建发顶风违反中央八项规定精神，长期违规收受礼品，接受可能影响公正执行公务的宴请和旅游安排。 “我们在立案之初就整体谋划、一体推进反腐败和反‘四风’，深入查找留置对象及其所任职地方、单位的作风问题。排查起底留置案件中公职人员违规收受高档烟酒等违规违纪问题线索，循线深挖背后资金来源和利益勾兑事项。”江西省纪委监委案件审理室副主任邓晓明介绍说。 以吴建发案为例，江西省纪委监委领导在审议案件时，专门就吴建发自书剖析材料中提到的“上桌必喝高档酒，离场不忘随手礼”问题明确提出查办要求，不仅要查清“和谁吃喝、在哪吃喝、为什么收受礼品”，而且要透过现象看本质，深入剖析“四风”问题产生的体制机制问题和监管漏洞等深层次原因，并向前端监督检查部门反馈，推动建立监督协作机制，充分发挥查办案件治本功效。 深刻把握作风问题与腐败问题交织的特点，江西省各级纪检监察机关坚持把问题线索融入监督检查、审查调查、案件审理、问题整改的全周期全过程全要素流转机制，信访举报、案件监督管理、监督检查、审查调查、案件审理、党风政风监督等部门形成合力，保持“由风查腐”循线深挖、“以腐看风”双向突破的工作自觉，不断压缩腐败滋生空间。 针对明察暗访发现的抚州市教体局某领导干部违规收受礼品问题，抚州市纪委监委深入查清背后存在的请托办事等腐败问题，并严肃处理。 瑞金市纪委监委在查办“四风”问题中，重点围绕组织者、参与者、场所、经费来源、有无请托等内容开展“五必问”，精准查找隐藏在“四风”问题背后的腐败。 石城县纪委监委创新监督方式，针对“四风”问题新表现新特点新趋势，建立违规吃喝重点场所、订餐人员、隐形变异重点问题数据库，既抓“现行”，又充分运用大数据挖线索，打出监督“组合拳”。 2023年1月至2024年4月，江西省移送涉嫌贪污贿赂的人员中，同时存在违反中央八项规定精神问题的占66.1%；查处违反中央八项规定精神问题中，案件来源于审查调查的占20.7%。 坚持惩治震慑、制度约束、提高觉悟一体发力，不断提升风腐同查同治综合效能 2月5日，抚州市纪委监委组织召开违规收送高档烟酒专项整治工作调度会，推动财政、审计等部门联合制定专项检查工作方案，对145个有财政拨款的部门和单位开展套取资金购买高档烟酒问题专项检查。推动市场监管部门对全市2600余家商户进行全面排查，严厉打击非法制售烟酒“提货券”、提供高档烟酒变现渠道等行为，控源头、堵变现。 “今年‘五一’期间，市纪委监委组成32个明察暗访组，对全市233个重点场所开展突击检查，发现违规吃喝等‘四风’问题54个，未发现违规收送高档烟酒问题。”抚州市纪委监委党风政风监督室有关负责同志说。 “风腐一体、相互交织的特点，决定了必须以系统施治理念对风腐问题统筹抓、一体治，既严肃纠治不正之风背后的腐败问题，也深挖细查腐败案件中的作风问题，不断铲除腐败滋生的土壤和条件。”江西省委常委，省纪委书记、监委主任马森述说。 把风腐同查同治作为一项系统工程，江西省各级纪检监察机关坚持惩治震慑、制度约束、提高觉悟一体发力，不断提升风腐同查同治综合效能，努力推动系统施治、标本兼治。 将统一思想、凝聚共识作为作风建设的先导工程，江西省纪委监委持续强化思想政治引领，不断创新教育方式。一方面，坚持边办案边教育，适时在案发地区或单位召开案情通报会、警示教育大会，用“身边案”教育“身边人”，深化以案释纪释法，督促有问题的党员干部主动向组织说明情况。另一方面，印发《关于我省违规吃喝收礼典型问题及其教训的警示通报》《关于违反中央八项规定精神、搞特权典型行为的警示通报》等，深入剖析近年来查办的风腐一体案件暴露的突出问题，制发警示教育材料汇编，分类召开警示教育大会，廓清一些党员干部“对直接收钱有所顾忌，但对收受高档烟酒纪法意识淡薄”的认识，增强教育的针对性、实效性。 通过健全完善定期会商、信息沟通、快速查办、线索移送、执法联动等多项协同工作机制，多方联动、同频共振的工作合力不断增强。 围绕案件查办暴露出的风险漏洞，江西省纪委监委督促省财政厅印发进一步加强财政资金监管的通知，从预算执行、公务消费、单位资金等方面加强资金监管。监督推动省审计厅在省直部门预算审计以及全省预决算审计中，关注是否存在招待、会议及培训中违规购买或使用高档烟酒情况。此外，还督促省委教育工委以及省财政、农业农村、民政、发改等部门，完善基础教育、乡镇财政资金、农村集体“三资”、弱势群体补助发放、400万元以下工程项目等的监督管理办法，最大限度压缩权力滥用空间。 “前不久，在市、县两级监督检查力度明显加大的情况下，明察暗访发现的违规收送高档烟酒问题数大幅减少，问题严重程度也大为降低。”毛晖圆说。,,,2
本网评论丨坚守节点 严纠“四风”,http://www.ccdi.gov.cn/pln/202404/t20240430_345275.html,2024-04-30 06:00,无摘要,中央纪委国家监委网站 杨文佳 节假日是“四风”问题易发多发节点。“五一”、端午将至，日前，中央纪委国家监委公开通报八起违规吃喝典型问题，上海、天津、山西、贵州、湖南等地纪委监委也分别通报违反中央八项规定精神典型问题，再次释放了纪检监察机关紧盯关键节点、严肃纠治“四风”的鲜明信号。 一个节点一个节点坚守，是纠治“四风”的重要经验。新时代以来，党中央以钉钉子精神纠治“四风”，强化元旦、春节、“五一”、中秋、国庆等重要节点监督，对典型案例及时通报曝光，从狠刹“舌尖上的浪费”“车轮上的腐败”“会所中的歪风”，到出台一系列从严管钱管人管物的制度，纠治了一些多年未除的顽瘴痼疾。但须看到，“四风”问题具有顽固性、反复性，稍有松懈就可能反弹回潮。从各地通报的案例看，一些老问题尚未得到根治，一些隐形变异等新情况新动向还在出现。要坚持和完善节前教育提醒、通报曝光，节中监督检查、明察暗访，节后严查快处、督促整改的工作机制，锲而不舍、串点成线，有力推动节日风气持续向好。 聚焦节日期间“四风”问题突出表现，强化监督约束。从监督检查情况看，“五一”、端午期间，要高度警惕违规吃喝、违规收送礼品礼金、公款旅游等易发多发问题。各级党组织要切实履行主体责任，加强节前教育提醒，重申中央八项规定及其实施细则精神，进一步强调纪律要求；加强对违规吃喝等问题的预防和纠治，推动党员干部受警醒、明底线、知敬畏；结合工作实际开展节中节后自查，发现苗头性、倾向性问题及时提醒教育，发现违规违纪问题及时报告。各级纪检监察机关要加强与发展改革、市场监管、商务等职能部门协作配合，监督监管同向发力，严查违规违纪违法问题。深入加油站、商超、茶馆等场所，排查节日出行中公务加油卡使用、高档烟酒销售与回收等方面问题线索。注意把握不同地区、不同领域、不同层级节日“四风”问题的突出表现，对以朋友、同学、老乡聚会名义违规公款吃喝、在隐蔽场所接受管理和服务对象宴请、以电子红包和快递物流方式“隔空送礼”、借操办婚庆事宜敛财、违规借用管理和服务对象车辆、公款旅游等问题，发现一起、查处一起。对风腐交织问题同查同治，既“由风查腐”，深挖不正之风背后的请托办事、利益输送、权钱交易等腐败问题，又“由腐纠风”，细查腐败背后的享乐奢靡等作风问题。 一体开展纠“四风”树新风，不断深化标本兼治。做实以案促改、以案促治，针对假日期间反复出现的“四风”问题，从制度机制方面找症结，堵塞管理漏洞、补齐制度短板，问题突出的推动开展专项整治。对查处通报的典型问题，向案发地方和单位发送纪检监察建议，督促限期整改、完善制度、强化监管。同时，梳理总结监督检查、审查调查工作中发现的共性问题，健全与市场监管、税务、公安等部门的信息共享、联查识别、线索移送等机制。坚持正向引导和反面警示相结合，充分运用典型案例特别是身边人身边事开展警示教育，促进党员干部和公职人员引以为戒、醒悟知止，不断营造严的氛围。 节点就是考点，作风建设只有进行时、没有完成时。各级纪检监察机关要紧盯“关键少数”、重点场所、突出问题，强化明察暗访、监督检查，对发现的“四风”问题线索深挖细查，对隐形变异问题创新监督方式精准识别，对不收敛不收手、顶风违纪行为依规依纪从严从重处置。要以全党正在开展的党纪学习教育为契机，推动各地区各部门强化作风纪律学习教育，让遵规守纪意识入脑入心，引导党员干部风清气正过节。,,,2
深度关注丨亮剑违规吃喝顽疾,http://www.ccdi.gov.cn/toutiaon/202404/t20240428_344537.html,2024-04-28 06:00,无摘要,“五一”节前公开通报释放强烈信号 亮剑违规吃喝顽疾 中央纪委国家监委网站 陆丽环 湖南省保靖县纪委监委联合市场监管部门成立专项督查组，深入餐馆、超市、烟酒专卖店等重点场所开展监督检查，对“五一”节前违规吃喝、公款送礼等问题进行监督检查，严防“四风”反弹回潮。图为近日，该县专项督查组工作人员在某超市调查走访。 龙术娥 摄 福建省福安市纪委监委结合违规吃喝专项整治加强节前监督检查，营造风清气正的节日氛围。图为4月26日，该市纪检监察干部在穆云畲族乡某农家乐了解情况。 吴其文 摄 4月24日，中央纪委国家监委公开通报8起违规吃喝典型问题。这些问题涉及“吃公函”“吃老板”“吃下级”等顶风违纪、隐形变异问题。在“五一”节前以专题形式公开通报，释放出坚决整治违规吃喝突出问题的强烈信号。各级党组织和领导干部必须清醒认识违规吃喝的危害性，常抓不懈、久久为功，坚决筑牢中央八项规定堤坝。 违规吃喝顽固反复，“吃公函”“吃食堂”“吃老板”“吃下级”等问题禁而未绝 经过“十年磨一剑”的持续努力，“几十个文件管不住一张嘴”的局面得到扭转，公款吃喝、公然在群众眼皮底下违规吃喝等现象得到有力遏制。但违规吃喝顽固反复，在各类“四风”问题中反弹风险较高，一些老问题尚未得到根治，一些隐形变异等新情况新动向还在出现，“吃公函”“吃食堂”“吃老板”“吃下级”等问题禁而未绝。 从通报案例看，一些人“吃心不改”、顶风违纪，违规吃喝问题发生或延续到党的二十大以后。比如，2019年至2023年，生态环境部环境工程评估中心原党委委员、副主任邹世英多次接受省、市级生态环境部门工作人员在高档酒店安排的宴请，相关费用由下级生态环境部门工作人员和私营企业主承担；调研期间违规参加某国有企业安排的宴请，相关费用由该企业公款支付。再如，2023年3月，新疆生产建设兵团第六师副师长、五家渠市副市长闫盛红，兵团教育局党组成员、副局长尹若强在企业内部食堂接受可能影响公正执行公务的宴请。 为了躲避监督，一些党员干部在吃喝地点上动起了歪脑筋，吃喝场所由明转暗，私人会所、单位食堂等成为违规吃喝的重要场所。2013年至2023年，江西省人大常委会原党组副书记、副主任殷美根，多次违规接受私营企业主在南昌市多个私人会所安排的宴请。2016年至2022年，华电能源股份有限公司原党委委员、总会计师李西金多次接受供应商在企业内部食堂安排的宴请。 除了“吃老板”“吃下级”，还有人挖空心思、变着法子“吃空函”、套取费用违规吃喝。2019年至2021年，云南省玉溪市新平彝族傣族自治县人民法院多次开展超标准超范围接待、无公函接待，冒用其他基层法院空白公函报销超标准费用。2022年至2023年，中国建设银行新疆维吾尔自治区博州分行党委委员、副行长吴建斌多次安排下属通过虚构接待事项等方式套取公款，用于支付违规接待、个人宴请等费用。 紧盯违规吃喝特点规律，精准把握、有力防治 饭是违纪之表象，局是问题之关键。表面看，违规接受宴请是满足口腹之欲、虚荣之心，实质是借饭局之便进行利益勾兑。 从查处案例看，“四风”问题与腐败同源。必须既“由风查腐”，深挖不正之风背后的请托办事、利益输送等腐败问题，又“由腐纠风”，细查腐败背后的享乐奢靡等作风问题。江西省人大常委会原党组副书记、副主任殷美根在私人会所接受可能影响公正执行公务的宴请；违规收受管理和服务对象所送高档白酒等礼品和礼金。殷美根还存在其他严重违纪违法问题，被开除党籍、开除公职，涉嫌犯罪问题被移送检察机关依法审查起诉。2012年至2022年，海南省旅游和文化广电体育厅二级巡视员刘平久多次接受私营企业主提供的可能影响公正执行公务的宴请；多次收受私营企业主所送高档白酒等礼品。刘平久还存在其他违纪违法问题，受到党内严重警告、政务记大过处分。 违规吃喝老问题、新情况并存，必须精准把握、有力防治。各级纪检监察机关坚持实事求是，通过全面梳理和充分调研分析本地区违规吃喝具体表现，找准特点规律，制定专项整治方案，明确整治重点和具体举措，力求实效。对“吃公函”等问题盯住不放，聚焦公款这个关键，严肃纠治虚列公务接待、商务招待事项违规吃喝，套取会议费、办公费大吃大喝，“精致走账”等行为，让公款吃喝问题持续减少。对“吃老板”“吃下级”等问题加大力度、动真碰硬，抓住“以饭为局”这个要害，深入推进风腐同查同治，严查违规吃喝背后的请托办事、利益输送等问题，深挖腐败背后的违规吃喝行为。对“吃食堂”等问题深入研究、着力破解，紧盯隐蔽隐性这个特点，精准识别，用好科技手段，创新监督方式，及时发现、从严处理在内部食堂、私人会所、高档小区、“农家乐”和“一桌餐”场所违规吃喝问题。在此基础上，加大查处通报力度，形成有力震慑。 二十届中央纪委三次全会明确要求，对违规吃喝开展专项整治，严查“吃公函”“吃食堂”“吃老板”“吃下级”等问题，坚决防止金融、国企等单位公务接待“特殊论”。 此次通报的既有省部级领导干部，也有县处级党员干部，所涉领域包括党政机关、国有企业、金融企业等。严肃查处这些问题，充分彰显了无论职务高低，无论在何种岗位，谁违反了中央八项规定精神就严肃处理谁的坚决态度。同时，聚焦节日期间易发多发的违规吃喝、违规收受礼品礼金问题强化警示震慑，释放出对享乐奢靡歪风露头就打，对隐形变异新动向时刻防范，对顶风违纪行为从严查处的强烈信号，给广大党员干部敲响警钟。 把握关键点，创新方式方法，从严监督执纪 违规吃喝隐形变异、潜入地下，如何才能破解“发现难”问题？各级纪检监察机关准确把握违规吃喝隐形变异的新动向新特点，创新方式方法，揭开违规吃喝“隐身衣”。 江西省上饶市纪委监委依托公务消费网络监管平台，抽查公务接待申报情况，分析违规疑点，并联合市场监管部门筛选隐蔽场所的餐饮店进行实地督查，着力发现机关单位违规公款吃喝、公款购买酒水或变通报销等问题线索。浙江省衢州市纪委监委打通“浙里报”差旅费报销、“浙江省公务用车管理集成平台”“基层小微权力”等系统应用的数据，实现全程动态监测“公务餐”制度执行情况，动态分析业务往来数据，为精准开展监督提供支撑。 安徽省纪委监委通过上下联动、交叉检查、分析筛查，深挖细查顶风违规吃喝行为，抽调精干力量组成专项检查小组，紧盯重要节日，对内部食堂、私人会所、“一桌餐”隐蔽场所开展检查，及时发现违规吃喝问题线索。广西壮族自治区纪委监委聚焦“在哪吃”问题，梳理出“一桌餐”、私人会所等隐蔽场所，推动市场监管、公安、消防等部门联合开展排查、清理整顿。 福建省南平市纪委监委着眼“吃公函”问题制定监督指引，搭建大数据监督模型，开展“一行业一专项”监督。通过梳理比对被接待单位人员出差报销记录、公务用车行驶轨迹，以及接待单位公务接待审批、报销凭证等数据信息，精准发现行业系统“吃公函”问题，查处了一系列违规提供空白公函、使用空白公函报销超范围接待费用问题，全市28名责任人员受到处理处分。 聚焦“吃下级”问题，四川省资阳市纪委监委在雁江区探索公务接待“扫码用餐”改革，要求雁江区党政机关干部开展日常公务活动，一律在机关食堂或乡镇固定就餐点自费人脸识别用餐，逐步实现公务活动“零接待”。 各级纪检监察机关健全风腐同查同治工作机制，既“由风查腐”，深挖细查违规吃喝背后隐藏的腐败问题，又“由腐纠风”，从腐败案件中梳理分析违规吃喝问题新动向。 江苏省南京市纪委监委聚焦风腐问题易发多发领域开展专项治理，对频繁涉案的重点餐饮场所进行梳理，常态化开展明察暗访。2023年，通过风腐同查和明察暗访等方式，共立案查处违规吃喝问题183件。北京市通州区纪委监委既查清不正之风现象的事情缘由、关联人员、问题性质，深挖背后的请托办事、利益输送等腐败问题“关系网”和“利益链”，又在审查调查中，做到凡查腐败案件必挖作风问题，既查清涉案对象本人的“四风”问题，也跳出个案看部门和地方的干部作风、政治生态。 系统施治、常抓不懈，坚决铲除违规吃喝滋生的土壤 违规吃喝问题顽固复杂，必须在解决制度、观念等深层次问题上持续发力，坚决铲除违规吃喝滋生的土壤。 在加强纪律教育上下功夫，让遵规守纪意识在党员干部头脑中扎根。上海市纪委监委在全面从严治党警示教育基地增设“风腐一体”板块、更新展陈案例，重点展示纠“四风”树新风、查处违规吃喝等情况，以“身边案”教育“身边人”，教育引导党员干部知敬畏、存戒惧、守底线。 围绕违规吃喝问题深化以案促改、以案促治，推动各地区各单位深入查找和堵塞制度方面的漏洞，督促职能部门进一步完善细化公务接待、商务招待等方面的规定，形成一批有效管用的制度成果，确保纠治工作常态化长效化。 湖北省纪委监委做实违规吃喝典型案例“三书一报告”，及时宣布处分决定。针对查处的典型问题，向案发地方和单位发送纪检监察建议，督促限期整改、完善制度、强化监管。中国远洋海运集团纪检监察组深入剖析违规吃喝案件，推动集团修订完善公务用车、公务接待、商务招待等规定，明确标准，优化环节管控，严防超标准接待、公款吃喝等问题发生。同时，梳理总结监督检查、审查调查工作发现的共性问题，与财务部门交流共享，协助财务部门开展财务专项检查，精准发现接待费化整为零、转嫁吃喝费用等问题。 山东省威海市纪委监委从问题类型、人员身份、“四种形态”、核查情况等4个维度，对节点察访发现的违规吃喝问题进行深入分析，监督推动相关部门单位严格落实公款使用、接待管理等制度规定。同时，针对违规吃喝等作风问题，制发《“三类重点问题”禁止清单》，列明18条禁止情形，划红线、明底线，持续推进作风建设常态化长效化。 “五一”假期将至，各级纪检监察机关要紧盯违规吃喝等违反中央八项规定精神问题，坚持严的基调，对顶风违纪行为露头就打，对隐形变异问题创新监督方式精准识别，严肃查处和通报一批典型案例，形成强有力震慑，确保党员干部风清气正过节。,,,2
中央纪委国家监委公开通报八起违规吃喝典型问题,http://www.ccdi.gov.cn/toutiaon/202404/t20240424_343546.html,2024-04-24 17:00,无摘要,中央纪委国家监委网站讯 深化落实中央八项规定精神，必须紧盯违规吃喝这个顽瘴痼疾，坚持露头就打、严管严治，坚决防止反弹回潮，以重点问题的突破，带动纠治工作整体推进。日前，中央纪委国家监委对8起违规吃喝典型问题进行公开通报。具体如下： 江西省人大常委会原党组副书记、副主任殷美根在私人会所接受可能影响公正执行公务的宴请等问题。2013年至2023年，殷美根多次违规接受私营企业主在南昌市多个私人会所安排的宴请；违规收受管理和服务对象所送高档白酒等礼品和礼金。殷美根还存在其他严重违纪违法问题，被开除党籍、开除公职，涉嫌犯罪问题被移送检察机关依法审查起诉。 生态环境部环境工程评估中心原党委委员、副主任邹世英接受下级安排的可能影响公正执行公务的宴请、参加公款吃喝等问题。2019年至2023年，邹世英多次接受省、市级生态环境部门工作人员在高档酒店安排的宴请，相关费用由下级生态环境部门工作人员和私营企业主承担；调研期间违规参加某国有企业安排的宴请，相关费用由该企业公款支付；多次在节日期间，通过快递等方式，收受环保企业人员寄送的礼品。邹世英受到党内严重警告、政务记大过处分，免职处理。 海南省旅游和文化广电体育厅二级巡视员刘平久接受可能影响公正执行公务的宴请等问题。2012年至2022年，刘平久多次接受私营企业主提供的可能影响公正执行公务的宴请；多次收受私营企业主所送高档白酒等礼品。刘平久还存在其他违纪违法问题，受到党内严重警告、政务记大过处分。 新疆生产建设兵团第六师副师长、五家渠市副市长闫盛红，兵团教育局党组成员、副局长尹若强在企业内部食堂接受可能影响公正执行公务的宴请问题。2023年3月，闫盛红、尹若强在某私营企业内部食堂违规聚餐饮酒，相关费用由私营企业主支付。闫盛红、尹若强分别受到党内警告处分。 北京市财政局自然资源和生态环境处副处长裴阳接受下级安排的可能影响公正执行公务的宴请等问题。2023年4月，裴阳在任农业农村处副处长期间，接受北京市某区财政局工作人员和私营企业主在该企业内部食堂安排的宴请，相关费用由私营企业主承担，宴请结束后收受该区财政局工作人员赠送的礼品。裴阳受到党内警告处分。 云南省玉溪市新平彝族傣族自治县人民法院超标准接待、“吃公函”等问题。2019年至2021年，新平县人民法院多次开展超标准超范围接待、无公函接待，冒用其他基层法院空白公函报销超标准费用等。时任院党组书记、院长马武负有主要领导责任，受到党内警告处分。 华电能源股份有限公司原党委委员、总会计师李西金在供应商企业内部食堂接受可能影响公正执行公务的宴请等问题。2016年至2022年，李西金多次接受供应商在企业内部食堂安排的宴请，收受供应商所送礼品。李西金受到党内严重警告、记大过处分。 中国建设银行新疆维吾尔自治区博州分行党委委员、副行长吴建斌套取费用公款吃喝等问题。2022年至2023年，吴建斌多次安排下属通过虚构接待事项等方式套取公款，用于支付违规接待、个人宴请等费用；违规收受供应商所送礼金。吴建斌受到党内严重警告处分。 中央纪委国家监委指出，吃喝问题绝非小事小节，关系党在人民群众心中的形象。党的十八大以来，违规大吃大喝之风得到有力遏制，但顶风吃喝问题仍时有发生，一些人挖空心思躲避监督，有的“精致”走账“吃公款”、“吃公函”，有的隐形变异“吃老板”、“吃下级”，有的躲入私人会所等场所大吃大喝，有的“以饭作局”，大搞团团伙伙、利益勾兑。违规吃喝是大部分违规违纪行为的“导火索”，是腐败问题的“催化剂”，是作风建设的大敌，具有顽固性、反复性，稍有松懈就可能滋生蔓延，必须盯住不放、深化整治。各级党组织和领导干部要清醒认识违规吃喝问题的危害性，自觉同“小节论”、“影响发展论”、“行业特殊论”等错误思想作斗争，强化对本地区本单位本系统违规吃喝问题的研判，有针对性地开展整改整治，坚决防反弹回潮、防隐形变异、防疲劳厌战。各级纪检监察机关要以高度责任感抓好违规吃喝整治，始终保持严的基调、严的措施、严的氛围，对顶风吃喝行为严惩不贷，对风腐交织问题同查同治，对问题突出的地区、系统开展专项严查严处。要坚持一体推进“三不腐”，坚持党性党风党纪一起抓，把系统观念贯穿违规吃喝整治全过程，推动补齐制度和监管漏洞，建立健全长效治理机制。“五一”、端午节假将至，要坚守节点，贯通信访举报、巡视巡察、监督检查，加大明察暗访力度，多渠道发现问题线索，严肃纠治违规吃喝、违规收送礼品礼金、公款旅游等节日期间易发多发问题，及时通报典型案例，以有力有效举措，确保节日期间风清气正。,,,2
依规依纪依法处理检举控告 及时回应群众关切,http://www.ccdi.gov.cn/yaowenn/202402/t20240228_330973.html,2024-02-28 16:36,无摘要,今年1月25日，中央纪委国家监委公开通报2023年全国纪检监察机关监督检查审查调查情况。数据显示，2023年，全国纪检监察机关共接收信访举报345.2万件次，其中检举控告类信访举报105.7万件次。处置问题线索173.3万件，其中谈话函询36.3万件。立案62.6万件，处分61万人。这些数据充分彰显了以习近平同志为核心的党中央保持永远在路上的战略定力，坚定不移正风肃纪反腐，把严的基调、严的措施、严的氛围长期坚持下去的鲜明态度和坚定决心。 处理检举控告是纪检监察机关的基本职能，是监督执纪执法的第一道程序、第一个关口，是开展党风廉政建设和反腐败斗争的重要基础性工作。在党中央坚强领导下，各级纪检监察机关依规依纪依法严肃认真办理每一件检举控告，及时回应群众关切，把群众利益坚决维护到位，有力推动全面从严治党向纵深发展。 2020年1月，中共中央办公厅印发《纪检监察机关处理检举控告工作规则》，规定了检举控告的接收和受理、检举控告的办理、检查督办、实名检举控告的处理、检举控告情况的综合运用、当事人的权利和义务、诬告陷害行为的查处，以及纪检监察机关及其工作人员在处理检举控告中的工作要求和责任等，为纪检监察机关处理检举控告提供了基本遵循。 ——分级负责、分工处理。 打开12388举报网站，“网上举报须知”第三条即提示：根据“分级负责”原则，请您按照被举报人属地和级别，选择相应的举报网站进行举报。 根据《纪检监察机关处理检举控告工作规则》，纪检监察机关按照管理权限受理检举控告。中央纪委国家监委受理反映中央委员、候补中央委员，中央纪委委员，中央管理的领导干部，党中央工作机关、党中央批准设立的党组（党委），各省、自治区、直辖市党委、纪委等涉嫌违纪或者职务违法、职务犯罪问题的检举控告。地方各级纪委监委受理反映同级党委委员、候补委员，同级纪委委员，同级党委管理的党员、干部以及监察对象，同级党委工作机关、党委批准设立的党组（党委），下一级党委、纪委等涉嫌违纪或者职务违法、职务犯罪问题的检举控告。基层纪委受理反映同级党委管理的党员，同级党委下属的各级党组织涉嫌违纪问题的检举控告；未设立纪律检查委员会的党的基层委员会，由该委员会受理检举控告。各级纪检监察机关对收到的检举控告进行分筛分选，按规定进行内部移送或者向上报送、向下转送。 ——认真筛选甄别，及时处置办理。 纪检监察机关信访举报部门经筛选，对属于本级受理的初次检举控告，移送本机关监督检查部门或者相关部门，并按规定将移送情况通报案件监督管理部门；对于重复检举控告，按规定登记后留存备查，并定期向有关部门通报情况。 监督检查部门收到信访举报部门移送过来的检举控告件后进行认真甄别，对属于本级受理的检举控告，将结合日常监督掌握的情况，进行综合分析、适当了解，经集体研究并履行报批程序后，按规定进行处置。 根据《中国共产党纪律检查委员会工作条例》《中国共产党纪律检查机关监督执纪工作规则》《监察机关监督执法工作规定》等有关规定，监督检查部门对信访举报反映的问题线索，主要按谈话函询、初步核实、暂存待查、予以了结等方式处置，或者按规定移送审查调查部门处置。 其中，谈话指以谈话、约谈等口头的方式对谈话对象进行提醒。函询指以书面函件的形式对被函询人相关问题进行询问核实。初步核实是指，对具有可查性的涉嫌违纪或者职务违法、职务犯罪问题线索，扎实开展初步核实工作，收集客观性证据。 纪检监察机关经过初步核实，对党员、干部以及监察对象涉嫌违纪或者职务违法、职务犯罪，需要追究纪律或者法律责任的，进行立案审查调查。根据审查调查结果，按规定给予党纪政务处分，涉嫌犯罪问题移送检察机关依法审查起诉。 ——检查督办，促进重点检举控告件办理办结。 依托信息化系统，纪检监察机关对转送下级举报件的流转和办理情况开展常态化监督检查，确保每一件检举控告都能得到及时规范处理。 根据《纪检监察机关处理检举控告工作规则》相关规定，纪检监察机关信访举报部门对属于下级纪检监察机关受理的检举控告，有以下情形之一，经本机关分管领导批准，可以发函交办：在落实党中央决策部署中，存在明显违纪违法问题的；问题典型、群众反映强烈的；对检举控告问题久拖不办，造成不良影响的；其他需要交办的情形。 对交办的检举控告，有以下情形之一，经交办机关分管领导批准，可以采取发函、听取汇报、审阅案卷、检查督促等方式督办：超过期限仍未办结的；组织不力、核查处理不认真，或者推诿敷衍的；需要补充核查、重新研究处理意见或者补报有关材料的；其他需要督办的情形。 对下转举报件开展检查督办，是传导责任压力、解决群众反映突出问题的有力武器。实践中，纪检监察机关重点筛选反映侵害群众利益、问题性质较为严重、可查性较强的举报，分类分批进行交办，对核查敷衍了事、逾期未报等情形一督到底，有力推动解决一批群众急难愁盼问题，发挥以点带面的示范引导作用，让群众感受到公平正义就在身边。 ——受理情况有告知，办理结果有反馈。 《纪检监察机关处理检举控告工作规则》提出，纪检监察机关提倡、鼓励实名检举控告。网上举报时，需要使用身份证等证件认证。所谓实名举报，是指检举控告人使用本人真实姓名或者本单位名称，有电话等具体联系方式的。虽有署名但不是检举控告人真实姓名（单位名称）或者无法核实验证的检举控告，按照匿名检举控告处理。 纪检监察机关对实名检举控告优先办理、优先处置、给予答复，对检举控告人的姓名、单位、住址、电话等个人信息以及检举控告内容严格保密，保护实名检举控告人不受非法侵害。 信访举报工作发挥着问题线索“主渠道”、政治生态“晴雨表”、人民群众“连心桥”、安全稳定“减压阀”等重要作用。各级纪检监察机关要进一步提高政治站位、增强政治责任感，依规依纪依法、用心用情处理好每一件检举控告，不断深化检举举报平台建设和应用，健全完善工作机制，把党员、群众举报问题受理好处置好，把党员、群众合法权益维护好保障好，密切党同人民群众的血肉联系，厚植党执政的政治根基。（石哲）,,,2
网言网语丨风清气正过佳节,http://www.ccdi.gov.cn/lyb2n/202402/t20240206_327454.html,2024-02-06 15:15,守好“廉关” 过好春节,“廉不廉看过年，洁不洁看过节”。节日风气是干部群众观察党风政风、感受社风民风的重要风向标。春节将至，网友在中央纪委国家监委网站留言板留言，围绕守好“廉关”、过好春节，持续净化节日风气，畅谈体会和建议。 严守节点不放松 驰而不息纠“四风” 江湖小鱼：春节将至，多地纪检监察机关通报违反中央八项规定精神典型问题。从这些案例中可以看出，“四风”隐形变异问题潜滋暗长。对此，纪检监察机关要紧盯不放、寸步不让，露头就打、严厉惩处，毫不松懈纠治“四风”隐形变异顽瘴痼疾，坚决遏制不正之风反弹回潮。 太仓廉砖：中央纪委三次全会强调，“突出常态长效深化落实中央八项规定精神”，并提出健全风腐同查同治工作机制，既“由风查腐”又“由腐纠风”，进一步宣示了党在新征程上持续深化落实中央八项规定精神的坚定意志。推动新一年作风建设实现良好开局，就必须严守节点不放松、驰而不息纠“四风”，持续加固中央八项规定堤坝。 春节将至，云南省昆明市石林彝族自治县将要迎来旅游高峰。县纪委监委坚持靠前监督，深入一线，对交通出行、物价、医疗等旅游服务保障重点开展监督，查摆背后的作风问题。图为该县纪检监察干部到石林风景名胜区指挥调度中心了解情况。（云南省昆明市石林彝族自治县纪委监委供 槐庆元 摄） 勤廉上高：近期，中央纪委国家监委公开通报7起违反中央八项规定精神典型问题，为广大党员干部敲响了警钟，拉响了警报。临近春节，党员干部在放松身心、享受团圆的同时，也要绷紧廉洁弦，筑牢拒腐防变堤坝。把《中国共产党廉洁自律准则》、《中国共产党纪律处分条例》等纪律规矩牢记在心，真正做到心有所畏、言有所戒、行有所止，过一个单纯、干净的假期。 过年必先守“廉” 思亲更需思“清” 清风拂浦江：身边的朋友都在讨论，近些年来，逢年过节变得清爽了不少。我想，这与各级纪检监察机关驰而不息纠“四风”，一个节点一个节点坚守密切相关。“钉钉子往往不是一锤子就能钉好的，而是要一锤一锤接着敲，直到把钉子钉实钉牢，钉牢一颗再钉下一颗，不断钉下去，必然大有成效。”风清气正过佳节，廉洁自律守初心。春节将至，希望这一份清风正气能继续延续，让问候关心更纯粹，让节日回归节日，也让广大党员干部把更多精力放在工作和家庭上。 淡墨文竹：过年必先守“廉”，思亲更需思“清”。广大党员干部应始终保持思想警惕，时刻绷紧纪律弦。在人际交往中分清“亲”“清”边界，以“君子之交淡如水”的分寸感和“一片冰心在玉壶”的干净担当，带头抵制各种歪风邪气，坚决防止节日腐败。 红塔小铁花：春节前“扫尘”是中华民族的传统习俗，家家户户都要掸灰尘、除污渍、清积垢。对广大党员干部而言，不仅要扫“家中尘”，更要扫个人“思想尘”。对照党章党规党纪，找一找在纪律作风、党性修养等方面存在的不足，对什么事该做、什么事能做、什么事不能做有清醒认识，打好预防针、拉好警戒线，以清新“廉味”为“年味”添风味。 拒腐戒奢辞旧岁 廉洁勤俭迎新年 翰墨飘香迎新春，巧手剪纸话廉洁。春节来临之际，福建省漳州市华安县纪委监委推动相关部门举办系列活动，通过剪“莲”绘“清廉”、书“廉”送春联等方式以物喻廉，在传递新春祝福的同时，弘扬廉洁文化、传播廉洁理念，为年味添“廉”味。（福建省漳州市华安县纪委监委供 张怡婷 摄） 凡星闪烁：拒腐戒奢辞旧岁，廉洁勤俭迎新年。守住“廉关”、过好佳节，领导干部要扛起责任，率先垂范，带头严守纪律规矩，大力弘扬勤俭节约优良传统，莫让新春佳节沾染不正之风。纪检监察机关要立足职能定位，前移监督关口，严防不正之风滋生蔓延。 一清如水：“国无廉则不安，家无廉则不宁”。作为一名纪检监察干部，要带头过好廉节，同时要管好、约束好家人，自觉抵制各类诱惑，坚决不做违规违纪、败坏纪检监察干部形象的事情。对家庭成员，要常念“廉政经”、常算“廉政账”，涵养良好家教家风，养成以德治家、以俭持家的优良习惯。 （中央纪委国家监委网站 斯凌整理）,,,3
网言网语丨风清气正过佳节,http://www.ccdi.gov.cn/yaowenn/202402/t20240206_327443.html,2024-02-06 15:15,守好“廉关” 过好春节,“廉不廉看过年，洁不洁看过节”。节日风气是干部群众观察党风政风、感受社风民风的重要风向标。春节将至，网友在中央纪委国家监委网站留言板留言，围绕守好“廉关”、过好春节，持续净化节日风气，畅谈体会和建议。 严守节点不放松 驰而不息纠“四风” 江湖小鱼：春节将至，多地纪检监察机关通报违反中央八项规定精神典型问题。从这些案例中可以看出，“四风”隐形变异问题潜滋暗长。对此，纪检监察机关要紧盯不放、寸步不让，露头就打、严厉惩处，毫不松懈纠治“四风”隐形变异顽瘴痼疾，坚决遏制不正之风反弹回潮。 太仓廉砖：中央纪委三次全会强调，“突出常态长效深化落实中央八项规定精神”，并提出健全风腐同查同治工作机制，既“由风查腐”又“由腐纠风”，进一步宣示了党在新征程上持续深化落实中央八项规定精神的坚定意志。推动新一年作风建设实现良好开局，就必须严守节点不放松、驰而不息纠“四风”，持续加固中央八项规定堤坝。 春节将至，云南省昆明市石林彝族自治县将要迎来旅游高峰。县纪委监委坚持靠前监督，深入一线，对交通出行、物价、医疗等旅游服务保障重点开展监督，查摆背后的作风问题。图为该县纪检监察干部到石林风景名胜区指挥调度中心了解情况。（云南省昆明市石林彝族自治县纪委监委供 槐庆元 摄） 勤廉上高：近期，中央纪委国家监委公开通报7起违反中央八项规定精神典型问题，为广大党员干部敲响了警钟，拉响了警报。临近春节，党员干部在放松身心、享受团圆的同时，也要绷紧廉洁弦，筑牢拒腐防变堤坝。把《中国共产党廉洁自律准则》、《中国共产党纪律处分条例》等纪律规矩牢记在心，真正做到心有所畏、言有所戒、行有所止，过一个单纯、干净的假期。 过年必先守“廉” 思亲更需思“清” 清风拂浦江：身边的朋友都在讨论，近些年来，逢年过节变得清爽了不少。我想，这与各级纪检监察机关驰而不息纠“四风”，一个节点一个节点坚守密切相关。“钉钉子往往不是一锤子就能钉好的，而是要一锤一锤接着敲，直到把钉子钉实钉牢，钉牢一颗再钉下一颗，不断钉下去，必然大有成效。”风清气正过佳节，廉洁自律守初心。春节将至，希望这一份清风正气能继续延续，让问候关心更纯粹，让节日回归节日，也让广大党员干部把更多精力放在工作和家庭上。 淡墨文竹：过年必先守“廉”，思亲更需思“清”。广大党员干部应始终保持思想警惕，时刻绷紧纪律弦。在人际交往中分清“亲”“清”边界，以“君子之交淡如水”的分寸感和“一片冰心在玉壶”的干净担当，带头抵制各种歪风邪气，坚决防止节日腐败。 红塔小铁花：春节前“扫尘”是中华民族的传统习俗，家家户户都要掸灰尘、除污渍、清积垢。对广大党员干部而言，不仅要扫“家中尘”，更要扫个人“思想尘”。对照党章党规党纪，找一找在纪律作风、党性修养等方面存在的不足，对什么事该做、什么事能做、什么事不能做有清醒认识，打好预防针、拉好警戒线，以清新“廉味”为“年味”添风味。 拒腐戒奢辞旧岁 廉洁勤俭迎新年 翰墨飘香迎新春，巧手剪纸话廉洁。春节来临之际，福建省漳州市华安县纪委监委推动相关部门举办系列活动，通过剪“莲”绘“清廉”、书“廉”送春联等方式以物喻廉，在传递新春祝福的同时，弘扬廉洁文化、传播廉洁理念，为年味添“廉”味。（福建省漳州市华安县纪委监委供 张怡婷 摄） 凡星闪烁：拒腐戒奢辞旧岁，廉洁勤俭迎新年。守住“廉关”、过好佳节，领导干部要扛起责任，率先垂范，带头严守纪律规矩，大力弘扬勤俭节约优良传统，莫让新春佳节沾染不正之风。纪检监察机关要立足职能定位，前移监督关口，严防不正之风滋生蔓延。 一清如水：“国无廉则不安，家无廉则不宁”。作为一名纪检监察干部，要带头过好廉节，同时要管好、约束好家人，自觉抵制各类诱惑，坚决不做违规违纪、败坏纪检监察干部形象的事情。对家庭成员，要常念“廉政经”、常算“廉政账”，涵养良好家教家风，养成以德治家、以俭持家的优良习惯。 （中央纪委国家监委网站 斯凌整理）,,,3
从月报数据看纠治“四风”形与势——解读2023年全国查处违反中央八项规定精神问题月报数据,http://zgjjjc.ccdi.gov.cn/bqml/bqxx/202402/t20240204_326880.html,2024-02-04 16:37,无摘要,,,,3
深度关注丨坚守节点纠治“四风”,http://www.ccdi.gov.cn/toutiaon/202401/t20240131_325719.html,2024-01-31 06:00,无摘要,中央纪委国家监委春节前再次通报典型案例 坚守节点纠治“四风” 中央纪委国家监委网站 吕佳蓉 重庆市南岸区纪委监委紧盯违规公款吃喝、公车私用、公款旅游等“节日病”，组建8个专项监督检查组开展节前监督检查，深入部门单位明察暗访，从严从快查处“四风”问题，确保节日期间风清气正。图为近日，该区纪检监察干部在相关单位走访检查公车管理情况。陈佳佳 摄 继元旦前夕公开通报6起形式主义、官僚主义典型问题，1月29日，中央纪委国家监委公开通报7起违反中央八项规定精神典型问题。今年在元旦、春节前夕进行两次通报，充分释放出纪检监察机关坚守节点、寸步不让，常抓不懈、久久为功，筑牢中央八项规定堤坝的强烈信号。 “四风”问题顽固复杂，一些党员干部违规收受礼品礼金、违规吃喝、违规接受宴请等顶风违纪问题仍时有发生 党的十八大以来，党中央持之以恒正风肃纪，以钉钉子精神纠治“四风”，反对特权思想和特权现象，坚决整治群众身边的不正之风和腐败问题，刹住了一些长期没有刹住的歪风，纠治了一些多年未除的顽瘴痼疾。但“四风”问题顽固复杂，一些党员干部违规收受礼品礼金、违规吃喝、违规接受宴请等顶风违纪问题仍时有发生。 此次通报的7起案例中，违规收送礼品礼金、违规接受宴请问题较为突出。如，国家药品监督管理局医疗器械技术审评中心审评六部原部长董劲春多次接受私营企业主安排，携带家人到多地旅游，入住高档酒店，接受宴请，饮用高档酒水，相关费用均由私营企业主支付。天津市滨海新区新北街道办事处原副主任包文违规收受管理和服务对象赠送的手机，多次违规接受健身、娱乐活动等安排；多次违规接受管理和服务对象安排的宴请。 “四风”问题由明转暗、改头换面，以电子礼品卡、提货券等方式违规收送礼品等隐形变异行为潜滋暗长。如，宁夏回族自治区党委原副书记、银川市委原书记姜志刚在住宅小区、高档酒店等场所，违规接受私营企业主安排的宴请；以探亲或调研为名，接受私营企业主安排到多地旅游。湖北洪湖国家级自然保护区管理局原党组成员、副局长郭平安多次组织或参与超标准、超范围公务接待，并通过向有关单位索要空白公函、虚构接待事项等方式，套取公款冲销超标准费用。国家管网集团北京管道有限公司原党委委员、副总经理、安全总监崔京辉多次接受管理和服务对象通过快递等方式赠送的礼品。 记者注意到，此次通报的案例呈现出明显的节假日特征，多名党员干部在春节、中秋节等节日期间收送礼品。如，广西壮族自治区投资促进局党组成员、副局长谢彬多次收受私营企业主所送礼金和高档烟酒等礼品，违纪行为大部分发生在春节、中秋节前后。西藏自治区发展改革委经济运行调节处原副处长王领多次接受管理和服务对象提供的娱乐活动，以及在春节期间供其无偿使用的车辆。 紧紧扭住一个“严”字，以严明党纪推进作风建设 中央八项规定是长期有效的铁规矩、硬杠杠，必须始终保持清醒坚定，严抓不放、常抓不懈。 党的十八大以来，作风建设之所以能取得历史性、开创性成就，一个关键因素就是始终紧紧扭住了一个“严”字，以坚持不懈的严管严治激浊扬清，赢得了党心民心，厚植了执政根基。 2015年修订的《中国共产党纪律处分条例》把落实中央八项规定精神的要求转化为纪律规范，体现作风建设最新成果，使党的纪律成为管党治党的尺子和全体党员的行为底线。 2018年修订的《中国共产党纪律处分条例》关注“四风”新动向，紧盯新型违纪行为、腐败手法，为正风反腐提供更为坚强的纪律保障。如，对以学习培训、考察调研为名变相公款旅游等违反中央八项规定精神新表现作出处分规定。 近期新修订的《中国共产党纪律处分条例》针对“四风”潜滋暗长、隐形变异的问题，进一步完善了违反中央八项规定精神行为的处分规定。 《中国共产党纪律处分条例》第101条规定，接受、提供可能影响公正执行公务的宴请或者旅游、健身、娱乐等活动安排，情节较重的，给予警告或者严重警告处分；情节严重的，给予撤销党内职务或者留党察看处分。第116条规定，违反接待管理规定，超标准、超范围接待或者借机大吃大喝，对直接责任者和领导责任者，情节较重的，给予警告或者严重警告处分；情节严重的，给予撤销党内职务处分。 此次通报的党员干部，都依规依纪受到了惩处，释放出全面从严、一严到底的鲜明信号。这些案例再次表明，加强作风建设一以贯之，纪检监察机关对不收敛不收手、顶风违纪行为从严查处、决不手软。此次通报既是节前提醒，也是纪律教育，不断营造严的氛围，戒尺高悬、警钟长鸣，使铁的纪律转化为党员干部的自觉遵循。 综合施策、系统治理，推进作风建设常态化长效化 作风建设只有进行时、没有完成时。二十届中央纪委三次全会对“突出常态长效深化落实中央八项规定精神”作出部署，指出“对违规吃喝开展专项整治”“健全风腐同查同治工作机制”“重拳纠治干部群众反映强烈的形式主义、官僚主义”。各级纪检监察机关紧密联系本地区本部门作风实际，坚持综合施策、系统治理，持续加固中央八项规定堤坝，推进作风建设常态化长效化。 督促各级党组织切实扛起作风建设主体责任。江苏省南京市纪委监委推动各级党组织建立作风建设责任传导机制，形成工作清单，推动作风建设责任落实。江西省上饶市纪委监委协助市委制定推动作风建设主体责任落实清单，督促各级党委（党组）把纠治“四风”隐形变异问题作为重要任务狠抓落实。 聚焦违规吃喝等顽瘴痼疾开展专项整治。贵州省铜仁市纪检监察机关紧盯重点领域、重点环节、重要时间节点，聚焦违规吃喝、违规收受礼品礼金、滥发津贴补贴等顽固性反复性问题，以及“不吃公款吃老板”“隔空送礼”等隐形变异问题，组织开展专项整治。紧盯春节等重要节点，黑龙江省各级纪检监察机关与公安交警、市场监管等部门协同配合，聚焦违规吃喝、违规收送礼品礼金、违规发放津补贴或福利等“节日病”，深入购物中心、烟酒专卖店等场所开展明察暗访，对顶风违纪问题严查快处，对典型案例通报曝光。 健全风腐同查机制。甘肃省纪委监委制定《甘肃省党员和公职人员酒驾醉驾及背后“四风”问题发现处置协作机制（试行）》，健全完善纪检监察机关与公安机关协同联动机制，深挖细查酒驾醉驾背后的公车私用、违规吃喝和借“酒局”“饭局”搞小圈子或利益勾兑等违纪违法问题。安徽省纪委监委探索实施风腐同查工作机制，制定追究酒驾醉驾党员、公职人员纪律责任和法律责任工作指引，推动有关职能部门完善公车管理、考务费支出等配套制度，既“由腐纠风”又“由风查腐”，风腐同查同治，不断提升综合治理效能。 把弘扬新风正气摆在更加突出位置，纠树并举，推进作风建设常态化长效化。河南省纪检监察机关把作风建设作为一项系统工程，坚持党性党风党纪一起抓，定期通报违反中央八项规定精神典型问题的同时，用好用活焦裕禄精神、红旗渠精神、大别山精神等红色资源，传承党的光荣传统和优良作风，激发共产党员崇高理想追求。重庆市纪委监委提炼弘扬红岩精神等革命文化中蕴含的好作风，深入宣传巴渝大地涌现出的革命先辈和先进人物的光辉事迹和高尚品格，教育引导党员干部大力弘扬党的光荣传统。 节点就是考点。春节将至，各级党组织和领导干部要带头改作风、严肃抓作风，拧紧责任链条、强化压力传导，不断凝聚严管严治合力。各级纪检监察机关要盯住节日期间易发多发的“四风”问题，加强监督检查、明察暗访，严肃查处“吃公函”、“吃食堂”、“吃老板”、“吃下级”、在会议和培训期间违规吃喝等问题，精准发现、从严处理“快递送礼”、以培训考察和党建活动为名公款旅游、借婚宴之机违规收礼、违规借用管理和服务对象车辆等问题，加大典型案例通报力度，坚决遏制不正之风，着力营造风清气正的节日氛围。,,,3
本网评论丨守住“廉关” 过好佳节,http://www.ccdi.gov.cn/toutiaon/202401/t20240130_325476.html,2024-01-30 07:00,无摘要,中央纪委国家监委网站 韩思宁 国家药品监督管理局医疗器械技术审评中心审评六部原部长董劲春违规收受购物卡，接受可能影响公正执行公务的宴请和旅游安排等问题；广西壮族自治区投资促进局党组成员、副局长谢彬违规收受礼品、礼金等问题……春节假期将至，中央纪委国家监委公开通报7起违反中央八项规定精神典型问题，再次释放紧盯关键时间节点、严抓作风问题的鲜明信号，体现出新时代加强作风建设一以贯之的坚决态度。 制定实施中央八项规定，是我们党在新时代的徙木立信之举。以习近平同志为核心的党中央持之以恒正风肃纪，以钉钉子精神纠治“四风”，一个问题一个问题纠治，一个节点一个节点坚守，坚持不懈、串点成线，积小胜为大胜，有力推动党风政风焕然一新，社风民风持续向好。二十届中央纪委三次全会强调，“突出常态长效深化落实中央八项规定精神”，并对坚决防止享乐奢靡之风反弹、重拳纠治形式主义官僚主义提出明确要求，宣示了党在新征程上持续深化落实中央八项规定精神的坚定意志。新征程上，纪检监察机关要把落实中央八项规定精神作为一项重要任务，突出常态长效纠治不正之风，在常和长、严和实、深和细上下功夫，驰而不息纠“四风”树新风，推动新一年作风建设实现良好开局。 严守节点不放松，打好年关作风攻坚战。廉不廉看过年。节日风气是干部群众观察党风政风、感受社风民风的重要风向标。过节期间，人际交往活动较多，有的党员干部抹不开面子，把握不好纪与情的关系，吃了不该吃的饭，收了不该收的礼；有的打着礼尚往来的幌子，在隐蔽场所违规接受宴请，通过快递等方式违规收送礼品礼金；有的借节日大办婚宴敛财，使用公车参加私人聚会、办理个人事项……对此，各级纪检监察机关要加强监督检查、明察暗访，把防治节日“四风”问题作为重要任务，坚守节点、寸步不让，巩固全面从严的态势。严肃查处“吃公函”、“吃食堂”、“吃老板”、“吃下级”、在会议和培训期间违规吃喝等问题，精准发现、从严处理“快递送礼”、以培训考察和党建活动为名公款旅游、借婚宴之机违规收礼、违规借用管理和服务对象车辆等问题，加大典型案例通报力度，坚决遏制不正之风，着力营造风清气正的节日氛围。 下大气力铲除“四风”滋生的土壤和条件，不断把作风建设向纵深推进。从通报和查处的案例看，“四风”问题仍然顽固复杂，顶风违纪现象时有发生，隐形变异行为潜滋暗长。要毫不动摇把严的基调落实到纠治“四风”全过程各方面，让严的要求成为常态，对顶风违纪的露头就打、对叫板对抗的严厉惩处、对违规吃喝开展专项整治，坚决防止反弹回潮。在纠治形式主义、官僚主义上深化，紧盯影响党中央决策部署落实落地、影响高质量发展、加重基层负担等问题，推动党员干部牢固树立正确政绩观，求真务实、担当作为。注重健全风腐同查同治工作机制，既“由风查腐”，深挖不正之风背后的请托办事、利益输送等腐败问题，又“由腐纠风”，细查腐败背后的享乐奢靡等作风问题，以风腐同查促进铁令生威。利用节点契机，加强新时代廉洁文化建设，把培树新风正气同传承节日文化结合起来，坚持和发扬中华民族优良传统作风，弘扬新风正气，以优良党风引领社风民风。 节点就是考点，作风就是宣言。面对春节这场“大考”，广大党员干部要从通报的案例中吸取深刻教训，把自己摆进去，守好“廉关”。从理想信念上守起，牢记“三个务必”，践行“三严三实”，自觉遵守中央八项规定精神，时刻绷紧纪律作风弦。严格家教家风，自觉同特权思想和特权现象作斗争，反对讲排场比阔气、攀比炫富、奢侈浪费等不良习气，带头勤俭文明过节，远离“节日病”，推动形成良好社会风尚。,,,3
中央纪委国家监委公开通报七起违反中央八项规定精神典型问题,http://www.ccdi.gov.cn/toutiaon/202401/t20240129_325265.html,2024-01-29 17:00,无摘要,中央纪委国家监委网站讯 二十届中央纪委三次全会对突出常态长效深化落实中央八项规定精神作出部署。春节假期将至，必须以严抓不放的实际行动落实新部署新要求，推动新一年作风建设实现良好开局。日前，中央纪委国家监委对7起违反中央八项规定精神典型问题进行公开通报。具体如下： 宁夏回族自治区党委原副书记、银川市委原书记姜志刚接受可能影响公正执行公务的宴请和旅游安排，违规使用财政资金建设楼堂馆所等问题。2017年至2023年，姜志刚多次组织与其关系密切的国有企业负责人、私营企业主等，在住宅小区、高档酒店等场所，违规接受私营企业主安排的宴请；以探亲或调研为名，接受私营企业主安排到多地旅游，并多次带私营企业主约见有关地方领导干部、国有企业负责人，相关费用均由私营企业主支付；违规使用财政资金建设楼堂馆所。姜志刚还存在其他严重违纪违法问题，被开除党籍、开除公职，涉嫌犯罪问题被移送检察机关依法审查起诉。 国家药品监督管理局医疗器械技术审评中心审评六部原部长董劲春违规收受购物卡，接受可能影响公正执行公务的宴请和旅游安排等问题。2018年至2022年，董劲春多次收受私营企业主赠送的购物卡；多次接受私营企业主安排，携带家人到多地旅游，入住高档酒店，接受宴请，饮用高档酒水，相关费用均由私营企业主支付。董劲春还存在其他违规违纪问题，受到留党察看一年、政务撤职处分。 广西壮族自治区投资促进局党组成员、副局长谢彬违规收受礼品、礼金等问题。2018年至2022年，谢彬多次收受私营企业主所送礼金和高档烟酒等礼品，违纪行为大部分发生在春节、中秋节前后。谢彬还存在其他违纪问题，受到党内严重警告处分。 西藏自治区发展改革委经济运行调节处原副处长王领违规收受礼品、礼金，违规借用管理和服务对象车辆，借操办婚礼之机敛财等问题。2017年至2022年，王领多次收受管理和服务对象所送礼品、礼金；多次接受管理和服务对象提供的娱乐活动，以及在春节期间供其无偿使用的车辆；借举办婚礼之机，违规收受礼金。王领还存在其他违纪违法问题，受到留党察看二年、政务撤职处分，降为一级科员。 天津市滨海新区新北街道办事处原副主任包文违规收受礼品，接受可能影响公正执行公务的宴请、健身、娱乐活动安排等问题。2021年至2022年，包文违规收受管理和服务对象赠送的手机，多次违规接受健身、娱乐活动等安排；多次违规接受管理和服务对象安排的宴请。包文受到党内严重警告处分、免职处理。 湖北洪湖国家级自然保护区管理局原党组成员、副局长郭平安“吃公函”问题。2021年至2022年，郭平安多次组织或参与超标准、超范围公务接待，并通过向有关单位索要空白公函、虚构接待事项等方式，套取公款冲销超标准费用。郭平安受到党内警告处分。 国家管网集团北京管道有限公司原党委委员、副总经理、安全总监崔京辉违规收受礼品、违规接受宴请、借操办丧事违规收受礼金等问题。2019年至2023年，崔京辉多次接受管理和服务对象通过快递等方式赠送的礼品，部分违纪行为发生在春节前后；到所属分公司指导、检查工作期间，多次违规接受宴请并饮酒，有的发生在其个人提拔公示期间；在为其父操办丧事期间，违规收受管理和服务对象所送礼金。崔京辉还存在其他违规违纪问题，受到撤销党内职务、政务撤职处分。 中央纪委国家监委指出，中央纪委三次全会宣示了党在新征程上持续深化落实中央八项规定精神的坚定意志，要求常抓不懈、久久为功，坚决筑牢中央八项规定堤坝。加强正风肃纪，是推进党的自我革命的重要举措，是各级党组织的共同政治责任。各级党组织和领导干部要深入学习、准确把握习近平总书记关于党的自我革命的重要思想，内化转化为带头改作风、严肃抓作风的自觉行动，拧紧责任链条、强化压力传导，不断凝聚严管严治合力。各级纪检监察机关必须把落实中央八项规定精神作为一项重要任务，突出常态长效深化纠治不正之风。要聚焦违规吃喝等顽瘴痼疾，开展专项整治，对顶风违纪行为下狠手、出重拳，对作风和腐败交织问题同查同治，让反复发作的老问题逐渐减少。要紧盯“四风”新情况新动向和隐形变异现象，一个一个攻山头，一场一场打硬仗，让新出现的问题难以蔓延。要下大气力铲除作风问题产生的土壤和条件，坚持标本兼治、系统施治，坚持党性党风党纪一起抓，坚持纠树并举，不断把作风建设向纵深推进。 中央纪委国家监委强调，每一个节点都是对作风建设的一次考验，必须坚守节点、寸步不让，积小胜为大胜，推动党风政风持续向好。春节将至，各级纪检监察机关要盯住节日期间易发多发的“四风”问题，加强监督检查、明察暗访，严肃查处“吃公函”、“吃食堂”、“吃老板”、“吃下级”、在会议和培训期间违规吃喝等问题，精准发现、从严处理“快递送礼”、以培训考察和党建活动为名公款旅游、借婚宴之机违规收礼、违规借用管理和服务对象车辆等问题，加大典型案例通报力度，坚决遏制不正之风，着力营造风清气正的节日氛围。,,,3
风正好扬万里帆——党的二十大以来以习近平同志为核心的党中央贯彻执行中央八项规定、推进作风建设综述,http://www.ccdi.gov.cn/toutiaon/202401/t20240120_323479.html,2024-01-20 21:00,风正好扬万里帆——党的二十大以来以习近平同志为核心的党中央贯彻执行中央八项规定、推进作风建设综述 　　新华社北京1月20日电　题：风正...,八项规定，深刻改变中国。 2023年年终岁末，中共中央政治局一连两天召开学习贯彻习近平新时代中国特色社会主义思想主题教育专题民主生活会。会议的一项重要议程，即是听取关于党的二十大以来中央政治局贯彻执行中央八项规定情况的报告。 党的二十大以来，以习近平同志为核心的党中央时刻保持解决大党独有难题的清醒和坚定，坚持不懈推进中央八项规定精神贯彻落实，驰而不息推进党的作风建设，推动百年大党在自我革命中不断焕发蓬勃生机，团结带领全国人民奋进强国建设、民族复兴新征程。 不松劲、不停步，把贯彻落实中央八项规定精神一抓到底 2022年10月27日，党的二十大闭幕不到一周，习近平总书记带领新当选的二十届中共中央政治局常委来到延安，瞻仰革命圣地。 在延安革命纪念馆，总书记在“延安时期的十个没有”展板前久久驻足。展板之上，列首位的正是“没有贪官污吏”。 “当年毛泽东同志等老一辈革命家在延安，住窑洞、吃粗粮、穿布衣，用‘延安作风’打败了‘西安作风’。”习近平总书记强调，“全党同志要把老一辈革命家和共产党人留下的光荣传统和优良作风传承好发扬好，勇于推进党的自我革命，坚定不移推进全面从严治党，始终保持党的先进性和纯洁性，确保党始终成为中国特色社会主义事业的坚强领导核心。” 踏上新征程，展现新风貌。 几个月后，一场新时代中国共产党人的“新的学习竞赛”——学习贯彻习近平新时代中国特色社会主义思想主题教育，在全党深入展开。 2023年3月30日召开的中共中央政治局会议，明确了此次主题教育具体要达到的5个方面目标，其中之一，正是“廉洁奉公树立新风”。 党的作风和形象关系党的创造力、凝聚力、战斗力，决定党和国家事业成败。党的二十大以来，习近平总书记高度重视、亲自谋划新征程上党的作风建设，一以贯之把作风建设向纵深推进—— 党的二十大闭幕仅3天，主持召开中央政治局会议，重要议程之一就是审议《中共中央政治局贯彻落实中央八项规定实施细则》； 从党的二十届一中、二中全会，到中央经济工作会议、中央纪委全会，再到学习贯彻习近平新时代中国特色社会主义思想主题教育工作会议等重要场合，都对持之以恒抓好党的作风建设、贯彻落实中央八项规定精神提出新要求； 主持召开的中央政治局常委会会议、中央政治局会议，有多个议题涉及作风建设； 针对党风廉政建设、树立和践行正确政绩观、反对形式主义官僚主义、改进调查研究、推广“四下基层”、查处违规聚餐饮酒等作出一系列重要批示； 在关于政法工作、党的建设和组织工作、新时代办公厅工作、宣传思想文化工作等的重要指示中，就作风建设提出要求…… 作风建设无小事。党的二十大以来，习近平总书记就持之以恒贯彻落实中央八项规定精神、深化作风建设作出一系列重要论述，进一步深化了对作风建设的规律性认识，为持续加固中央八项规定堤坝、推动作风建设常态化长效化指明了前进方向、提供了根本遵循—— 对中央政治局提出明确要求，强调“中央政治局同志要对照新修订的中央八项规定实施细则，一条一条严格对标对表，不折不扣抓好贯彻落实，重点纠治形式主义、官僚主义顽疾，带头弘扬党的优良作风。” 谈作风建设重点任务，强调“要把纠治形式主义、官僚主义摆在更加突出位置，作为作风建设的重点任务，研究针对性举措，科学精准靶向整治，动真碰硬、务求实效。” 谈加强新时代廉洁文化建设，强调要“深入开展党性党风党纪教育，传承党的光荣传统和优良作风，激发共产党员崇高理想追求，把以权谋私、贪污腐败看成是极大的耻辱。” 谈党校工作，强调“各级党校要敢抓敢管、严抓严管，让学员一进党校就感受到学习之风、朴素之风、清朗之风。” …… 党和人民事业发展到什么阶段，党的作风建设就要推进到什么阶段。风险越大、挑战越多、任务越重，越要加强党的作风建设，以好的作风振奋精神、激发斗志、树立形象、赢得民心。 激浊扬清、久久为功。在以习近平同志为核心的党中央坚强领导下，全党上下锲而不舍贯彻落实中央八项规定精神，不断把作风建设引向深入，一个充满活力的马克思主义政党正以优良的作风形象、饱满的精神状态奋进新征程、建功新时代。 立标杆、作表率，为全党树立光辉榜样 2023年4月，学习贯彻习近平新时代中国特色社会主义思想主题教育启动后，习近平总书记来到广东考察调研。 4天时间、辗转千里，从琼州海峡之畔到珠江之滨，自西向东穿行粤西大地，习近平总书记不辞辛劳，为的是多看一看当地的发展变化，了解掌握更多实际情况。 “很亲切、很和蔼”“问得很细致、很具体”“没想到总书记对海洋渔业这么了解”……这是基层群众见到习近平总书记的真切感受。 到浙江考察，走进商贸市场同商户、小企业主代表亲切交流；到江西考察，走访直升机生产企业，亲自登上直升机，了解技术研发成果……深入基层、深入一线，始终是习近平总书记地方考察调研的鲜明导向。 以行动作号令，以身教作榜样。 党的二十大以来，习近平总书记18次进行国内考察调研，从革命圣地到改革前沿，从西北边疆到长三角区域，总书记行程密集、步履不停，足迹遍及16个省份。 2023年9月7日，习近平总书记来到受洪涝灾害较重的黑龙江省尚志市老街基乡龙王庙村，看望慰问受灾群众，了解灾后恢复重建进展。从东北谈到华北，习近平总书记说：“我牵挂着受灾的地方。那些地方我之后也会去看。” 2023年11月10日，北方入冬之际，习近平总书记专程来到受灾较重的北京门头沟区、河北保定涿州市，看望慰问受灾群众，检查指导灾后恢复重建工作。 冒着严寒而往，沐着夜色而归。一天时间，乘汽车、换火车，行程横跨京冀两地，足迹覆盖农村、社区、学校、市政设施、水利工程，访居民、见师生、看商铺，入农户、进麦田、上大堤…… “一路走下来，听到了看到了，我心里感到踏实，也是欣慰的，恢复重建工作都在按照计划进行。” 人民群众，始终是习近平总书记最深情的牵挂。 2023年春节前夕，同6个省市基层干部群众视频连线进行看望慰问，与群众拉家常、为群众解难题； 在内蒙古考察调研时正值高考，亲自叮嘱“考生优先”，必要时可调整行车线路； 在上海考察调研时，专门到保障性租赁住房看望新市民，仔细了解生活状况； …… 一言一行，体现带头贯彻执行中央八项规定的鲜明态度；点滴之间，彰显共产党人执政为民的深厚情怀。 2023年金秋时节，习近平主席同来自五洲四海的新老朋友相聚北京，共同出席第三届“一带一路”国际合作高峰论坛。 除出席高峰论坛开幕式并发表主旨演讲、举行欢迎宴会外，从2023年10月17日到20日，习近平主席安排了7个半天的时间，同与会的所有外方领导人分别会谈会见，常常从清晨忘我工作到深夜…… 党的二十大以来，习近平总书记出国访问6次25天，到访7个国家，主持4次主场外交，严格执行外事规定，精简随行人员，简化迎送接待，展现出以上率下的务实担当、崇高风范。 李强、赵乐际、王沪宁、蔡奇、丁薛祥、李希同志和中央政治局其他同志认真贯彻落实习近平总书记重要指示要求，严格执行中央八项规定，切实抓好分管领域、部门和所在地方的贯彻落实。 在改进调查研究方面，中央政治局同志围绕全面贯彻党的二十大精神，就推进中国式现代化等重大问题赴地方考察调研。调研中坚持扑下身子、沉到一线，注重通过“四不两直”等方式了解真实情况，力戒形式主义、官僚主义。 在精简会议活动方面，严格控制全国性会议活动数量、规模、会期，优化党中央决策议事协调机构会议组织安排。严格审批越级开会、赴外地开会，采用视频方式召开会议、举办活动日益成为常态。 在精简文件简报方面，坚持“短实新”文风，细化中央文件篇幅字数标准。除党中央统一安排和批准外，中央政治局同志个人没有公开出版著作、讲话单行本以及发贺信、贺电、题词、题字、作序等情况。 在规范出访活动方面，合理统筹出访安排，严格执行出访天数、团组规模、住宿餐饮等方面要求；严格按照规定乘坐交通工具。 在改进新闻报道方面，对篇幅字数、版面安排、时段时长等进一步严格把关。精简全国性会议活动新闻报道。 在改进警卫工作方面，科学部署力量，减少交通管制，减少对群众生产生活的影响。 在厉行勤俭节约方面，坚决落实“过紧日子”要求，进一步压减中央本级“三公”经费预算，严禁地方违规建设楼堂馆所、借债搞“形象工程”。 以身教者从。以习近平同志为核心的党中央认真贯彻执行中央八项规定及其实施细则，不打折扣、不做变通，以实际行动为全党树起标杆、作出示范。 新征程、再出发，推动作风建设向纵深发展 2023年中秋、国庆节前夕，中央纪委国家监委公开通报7起违反中央八项规定精神典型问题，再次释放紧盯关键时间节点、严抓作风问题的鲜明信号。 作风建设永远在路上，永远没有休止符。 党的二十大以来，各地区各部门深入学习贯彻习近平新时代中国特色社会主义思想和党的二十大精神，深刻把握作风建设新形势新任务新要求，持续深化落实中央八项规定精神，科学精准整治作风顽疾，持续激发党员、干部干事创业动力，以作风建设新成效为奋进新征程保驾护航。 凝心铸魂，筑牢作风建设思想政治根基—— “通过集中教育推动全党以自我革命精神解决党风方面的突出问题，是一条重要历史经验。” 2023年6月，习近平总书记在内蒙古考察调研时，就抓实以学正风提出明确要求，为广大党员、干部以过硬作风、扎实举措推动主题教育取得实效指明方向。 党的作风是党的形象，是观察党群干群关系、人心向背的晴雨表。 各地区各部门全面系统深入学习习近平新时代中国特色社会主义思想，在主题教育中采取各种形式，引导广大党员、干部以党的创新理论凝心铸魂，通过深入的检视剖析整改，涤荡思想之尘、作风之弊、行为之垢，将政治标准和政治要求贯穿作风建设始终，着力营造风清气正的政治生态。 突出重点，以钉钉子精神纠治“四风”顽疾—— “查处违反中央八项规定精神问题11860起，批评教育和处理16728人，给予党纪政务处分11870人……”2024年元旦前，中央纪委国家监委网站公布2023年11月全国查处违反中央八项规定精神问题情况月报数据。这已是该数据连续公布的第123个月。 从把纠治形式主义、官僚主义摆在更加突出位置，对搞“半拉子工程”“面子工程”以及不担当不作为乱作为等开展专项整治，对粮食购销、耕地保护等领域不正之风强化监督执纪，到针对享乐主义、奢靡之风突出问题加大纠治力度，严肃查处并通报多地领导干部违规聚餐饮酒问题，对办公用房超标问题紧盯不放…… 各地区各部门坚持严的基调不动摇，紧盯普遍发生、反复出现的作风顽疾，紧盯问题突出、工作薄弱的领域和地区，靶向发力、重点突破，推动作风建设抓紧抓实、抓出成效。 标本兼治，不断提升作风建设治理效能—— “我们将紧盯领导干部这个‘关键少数’，紧盯违规吃喝、违规收送礼品礼金、违规发放津贴补贴或福利等节日多发问题，深挖背后的利益交换、请托办事等风腐一体问题，从严从重查处违规违纪行为……” 2023年端午节前，黑龙江省纪委监委向全省党员干部和公职人员发出廉洁过节提醒，敲响警惕“由风及腐”“由风变腐”的警钟。 各地区各部门坚持党性党风党纪一起抓，健全风腐同查机制，坚决纠治不正之风背后的腐败问题，深挖细查腐败案件背后的不正之风。 从针对餐饮浪费和“三公”经费支出等方面存在的问题开展联动联查；到严查酒驾醉驾背后的“四风”问题，曝光典型案例；再到推进监督综合信息平台建设，完善“惩、治、防”工作链条，形成治理合力…… 在严查“四风”问题的同时，各地区各部门结合干部队伍教育整顿开展光荣传统和优良作风教育、年轻干部纪律作风教育、警示教育，着力培育新时代廉洁文化，以优良党风政风带动社风民风向上向好，推动移风易俗，不断铲除作风问题滋生土壤。 担当作为，以好作风好形象推动形成狠抓落实的良好局面—— “多亏了你们，现在灌溉土地的费用降低了，还不到原来价格的一半。”2023年12月，在山东济宁市嘉祥县杨楼村，种粮大户高克国高兴地说。 记者了解到，针对村民反映的村里灌溉水费过高的问题，嘉祥县纪委监委开展村集体“三资”专项整治，狠刹漠视侵害群众利益的不正之风，助力乡村振兴提质增效。 一分部署，九分落实。 各地区各部门围绕贯彻落实党的二十大作出的战略部署，采取一系列提升能力、改进作风、强化担当的具体举措，激励广大党员、干部锚定目标真抓实干，解决实际问题、办好民生实事，形成了狠抓落实的良好局面。 作风建设成效如何，人民群众最有发言权。 2023年年底国家统计局社情民意电话调查结果显示，95.7%的受访群众对中央八项规定精神贯彻落实情况总体成效表示肯定。 风清则气正，气正则心齐，心齐则事成。 2024年是新中国成立75周年，是实现“十四五”规划目标任务的关键一年，推进中国式现代化建设任务艰巨，前景壮阔。 在以习近平同志为核心的党中央坚强领导下，全党上下抓铁有痕、踏石留印，不断将作风建设引向深入，定能以优良作风凝聚起14亿多人民团结一心的磅礴力量，把强国建设、民族复兴伟业不断推向前进！（记者孙少龙、王鹏、范思翔）,,,3
持之以恒落实中央八项规定精神,http://zgjjjc.ccdi.gov.cn/bqml/bqxx/202401/t20240118_322900.html,2024-01-18 10:35,无摘要,,,,3
电视专题片《持续发力 纵深推进》第三集聚焦强化正风肃纪久久为功抓作风,http://www.ccdi.gov.cn/specialn/scqh/scqhjiedu/202401/t20240109_320680.html,2024-01-09 06:00,无摘要,中央纪委国家监委网站 李云舒 1月8日晚，电视专题片《持续发力 纵深推进》第三集《强化正风肃纪》播出，讲述纪检监察机关坚持以严的基调正风肃纪，持续深化落实中央八项规定精神、纠治“四风”，推进作风建设常态化长效化。图为专题片第三集视频截图。 “触目惊心，形式主义、官僚主义真的会害死人！”“发人深省，作为一名党员干部，我将从案例中汲取教训，决不能一看了之。” 六名干部在党校学习期间违规饮酒，导致一人酒后死亡；不经调研论证大搞“形象工程”“政绩工程”，造成国有资金巨额损失；居民自建房垮塌，“失管”的违建背后，是形式主义官僚主义作祟……1月8日，电视专题片《持续发力 纵深推进》第三集《强化正风肃纪》播出，片中案例引发热议。 党风问题关系党的生死存亡。制定实施中央八项规定，是我们党在新时代的徙木立信之举，必须常抓不懈、久久为功，直至真正化风成俗，以优良党风引领社风民风。在全面建设社会主义现代化国家、向第二个百年奋斗目标进军的新征程上，必须持之以恒落实中央八项规定精神，驰而不息正风肃纪，让人民群众真切感受到良好党风政风就在身边、社会新风正气就在身边。 紧盯“四风”隐形变异新动向，坚决防止违规吃喝歪风反弹 经过多年努力，作风建设取得显著成效，但也要清醒看到，“四风”问题仍然顽固复杂，顶风违纪问题时有发生，隐形变异行为潜滋暗长，尤其是违规吃喝问题存在较大的反弹风险，其中一些甚至酿成了严重后果。 2023年4月27日，中央纪委国家监委公开通报时任青海省委委员、省政府党组成员、秘书长师存武等6名党员领导干部严重违反中央八项规定精神问题。专题片第三集中，这场“致命酒局”背后的更多细节被披露。 酒局发生在2022年12月11日晚上。当时，党的二十大刚闭幕一个多月，青海省举办党政主要领导干部学习贯彻党的二十大精神培训班。聚餐的发起人是时任青海省政府秘书长师存武，参与人有时任省农业农村厅党组书记、厅长李青川，省文化和旅游厅党组书记、厅长王学文，海北藏族自治州委书记多杰，省国有资产监督管理委员会党委书记、主任洪涛，省交通控股集团有限公司党委书记、董事长陶永利。 约这场局，主要是为了祝贺多杰和洪涛两人被确定为拟提拔考察人选。“自己也很清楚这是不对的，也是违反纪律要求的，但是觉得人的情面大于纪律要求，自己也就破防了。”陶永利在出镜时回忆道。 心存侥幸，明知故犯。师存武利用职权，要求省政府机关食堂专门做了好几道菜，安排司机用公务车送到党校；酒则是李青川让司机送来的，几个人从晚上8点喝到了晚上11点多，拿来的8瓶白酒喝空了7瓶。由于这一晚喝得太多，第二天，意外连续上演。先是李青川心脏病发作后感到不适，却由于喝酒过多神志不清，无法打开自己反锁的宿舍门，只能砸门喊来服务员拆锁；后是师存武因为醉酒酣睡不醒，缺席了上午本应参加的重要会议。而多杰则一直踪影全无，直到服务员感到奇怪，把他的宿舍门打开时才发现人已经去世。 违规吃喝的背后，往往存在着风腐一体的共性问题。随着调查的深入，更多问题暴露出来。调查发现，这6名干部从2011年开始，逐步由工作上的交集，发展到经常在一起吃喝，继而形成了一个相对固定的小圈子，利用手中权力相互请托、各取所需。 “这不仅仅是作风问题，还是违反政治纪律、政治规矩的问题。”青海省纪委监委工作人员的分析一针见血。 当时推杯换盏、弹冠相庆，如今局终人散，痛悔已晚。经审查调查，师存武受到开除党籍、开除公职处分。李青川受到留党察看二年、政务撤职处分，另发现其他违纪违法问题，已采取留置措施。王学文受到撤销党内职务、政务撤职处分，洪涛、陶永利受到留党察看一年、政务撤职处分，相关责任单位和人员也被严肃问责。 在这一案件查处后，青海省纪委监委全面梳理全省违规吃喝问题突出表现，聚焦违规吃喝隐形变异情形，制定印发《全省党员干部违规吃喝“十严禁”》，开通违规吃喝“码上报”监督举报平台，联合公安、市场监管等部门开展明察暗访，并成立省州县三级工作专班，健全问题线索快查快办7项机制，全面起底党的十九大以来全省公职人员涉酒问题线索，建立问题台账，分批次移交各市州纪委监委及有关部门，深挖彻查吃喝背后是否存在利益输送、说情打招呼等问题。 “与去年同期相比，违规吃喝等违反中央八项规定精神问题下降了40%，说明不敢的震慑正在持续放大。”青海省纪委副书记、监委副主任李清明在片中介绍。 为提升作风建设成效，中央纪委国家监委在全国探索实施智慧监督模式，大力推进党风政风监督信息综合平台建设，运用大数据等信息化手段加强预警纠治，全面筛查问题线索，持续加固中央八项规定堤坝。各级纪检监察机关加大纠治享乐主义、奢靡之风力度，对违规收送礼品礼金、违规吃喝等顽瘴痼疾深化专项整治，对用快递和电子手段收送礼、借培训考察名义公款旅游等隐形变异问题早发现早纠治，对风腐一体问题深挖细查，坚决防反弹回潮、防隐形变异、防疲劳厌战。 严肃查处搞“形象工程”“政绩工程”等形式主义、官僚主义问题，以作风建设新成效营造良好发展环境 专题片第三集中，一个镜头让人唏嘘：过去热火朝天的工地，如今空无一人、荒废积水。残存的桩基露出水面，提醒人们这里曾建设过一项大工程——漳州市歌剧院。这是福建省厦门市人大常委会原主任陈家东在担任福建省漳州市委书记期间造成的烂尾项目。 “他之所以搞歌剧院，就是为了贪大求洋，好引人关注。”中央纪委国家监委第六监督检查室副主任王宇光指出。 漳州有着深厚的地方戏曲文化传统，芗剧、潮剧、布袋木偶剧，都深受老百姓喜爱。原本市里规划要建一座戏院，听说戏院要改歌剧院，不少百姓觉得失望。一些干部也提出，歌剧院和本地群众文化需求脱节，而且对设计施工有很高的专业要求，耗资巨大，漳州作为一个三线城市财力有限，没有必要打造这样的地标。然而，陈家东对这些意见置若罔闻，在他的一意孤行之下，歌剧院仅前期设计就耗资2700多万元，主体工程合同价格则高达2亿多元，一旦建成后，还需要高昂的运营维护费用。 坐在办公室“拍脑袋”作决策，项目也就难逃失败的结局。歌剧院项目因不符合当地实际，加上投资规模太大，在陈家东调离漳州后不久就陷入停滞，最终沦为半拉子工程，已经投入的费用有去无回，造成国有资金巨额损失。 而另一个在陈家东在任期间就已经完工的项目，则造成了更大的损失。2013年下半年，陈家东任漳州市委书记后不久，为了早出政绩、快出显绩，提出打造“闽南生态文化走廊”示范段，并按照一比一的比例复制漳州古厝，打造建设6座仿古驿站。依托本地特色打造旅游项目本身不是问题，但陈家东的出发点存在严重偏差，他考虑的不是如何带来长远效益，而是未经调研论证就提出了一个概念方案，并要求在2014年11月花卉博览会开幕前完成建设，好让上级领导看到自己的政绩。 6座仿古驿站，每座规模都相当大，最大的一座占地达6万多平方米，总花费达2.11亿元。然而，这些驿站都是原样复制当地著名古厝，旅游者到了漳州，自然选择去看古建筑本身，而不会来看复制品。从选址上，这6座驿站分散在25公里长的国道沿线，形成不了聚拢效应。外地游客吸引不来，当地老百姓也不愿意选择离主城区遥远的驿站休闲，旅游自然搞不起来。当地一家国企受政府委托管理，好不容易招过来几个商户，很快也都退租了。大多数驿站由此长期荒废闲置，维护成本高昂。 “背弃了人民立场，把党和人民给我的权力当作自己谋私的工具，咎由自取，罪有应得。”陈家东忏悔说。 不正之风和腐败问题互为表里、同根同源。审查调查发现，陈家东也存在违规收受礼品、接受吃请等“四风”问题，还存在利用职权巨额敛财的腐败问题。经法院公开审理，陈家东非法收受财物共计9415万余元；伙同他人共同侵吞国有财产341万余元；造成国有财产损失1.9亿余元，涉嫌受贿罪、贪污罪、滥用职权罪。2023年9月，陈家东被判处无期徒刑，剥夺政治权利终身，并处没收个人全部财产。 2023年以来，中央纪委国家监委连续公开通报一批形式主义、官僚主义典型问题，一些案例中，党员领导干部急功近利、盲目蛮干、热衷于堆盆景，大手笔最后成了大败笔。新修订的《中国共产党纪律处分条例》在总则中要求党组织和党员“切实践行正确的权力观、政绩观、事业观”，在分则政治纪律中充实“党员领导干部政绩观错位，违背新发展理念、背离高质量发展要求”的处分规定，将搞劳民伤财的“形象工程”“政绩工程”行为由违反群众纪律调整到违反政治纪律。 透过现象看本质，形式主义实质是主观主义、功利主义，根源是政绩观错位、责任心缺失，不仅不利于干部自身的成长，更会贻误党和国家事业发展。各级纪检监察机关将持续聚焦纠治不正之风，严肃查处搞“形象工程”“政绩工程”等形式主义、官僚主义问题，以作风建设新成效营造良好发展环境。 聚焦玩忽职守不作为问题，对漠视人民生命、违纪违法者坚决惩处 习近平总书记多次强调，形式主义、官僚主义害死人。一些案例也印证和警醒，形式主义、官僚主义是真的会害死人。 2022年4月29日12点24分，湖南省长沙市望城区金山桥街道的一栋居民自建房忽然下坐式垮塌，造成54人遇难。国务院事故调查组进行调查的同时，中央纪委国家监委和湖南省纪委监委也同步开展追责问责审查调查工作。专题片第三集详细梳理了这场“人祸”发生的来龙去脉。 涉事房屋属于金坪社区盘树湾组，房主是当地居民吴奇生、吴治勇父子，他们先是在2012年盖起了5层楼房、局部6层，2018年又擅自加盖到8层、局部9层，整个过程从未向任何部门报备办证，设计施工找的都是没有专业资质的土师傅，导致房屋结构和建筑质量都存在严重隐患。 当房主安全意识和基本常识极度缺失，监管就显得格外重要。然而，应有的监管却从未落实。2016年以来，党中央、国务院及湖南省委、省政府曾先后6次部署开展专项行动，要求对违建房屋清查整治，切实维护人民生命财产安全。然而这栋夺命建筑，竟然在历次行动中都成了漏网之鱼。 “长期以来我们对自建房从上到下都没有认真对待过，对住建部门、自然资源部门，各方面的相互推诿扯皮，我是有失管失察的责任，我心服口服。”湖南省政府原副省长、曾任长沙市市长的陈文浩面对镜头深刻反省。 相互推诿的思想根源，是都想绕着困难走。望城区位于城乡结合部，居民自建房多、违法扩建加层的多，如果要认真整治，势必要面对纠纷和阻力。一些干部并非不知道大量违法建筑存在安全隐患，却由于畏难，宁可选择性失明。 调查发现，在吴氏父子加盖房屋的过程中，城管执法人员先后有6次巡查发现了吴家在违法施工，但大多只是口头警告，只有1次下达了《责令整改通知书》，要求立即停工并来执法单位约谈。然而，吴氏父子既没有去约谈，还继续偷偷施工。就这样，在光天化日之下，吴家的房子从5层加到了8层。 2020年7月，住建部部署在全国开展为期一年的“两违清查”工作。然而，湖南省住建厅却到9月才转发该通知，长沙市次年1月才印发方案，望城区行动则更是拖沓迟缓，直到2021年6月25日才印发通知。望城区实际上一栋房屋也没排查，却弄虚作假，上报了所谓排查数据。 吴家的违建房租给了更多商户，楼里开起了餐饮店、私人影院、家庭旅馆。获得家庭旅馆经营资格需要经过房屋安全检测，一家名叫湘大工程检测有限公司的机构为这栋问题房屋出具了鉴定报告，表示它“符合安全使用条件”。调查发现，这家极度不负责任的机构，是由长沙市公安局望城分局治安管理大队原副大队长刘万全推荐给辖区内有需要的房主团购的，这背后是刘万全收受了该公司的好处。事实上，湘大公司完全不具备鉴定能力，之所以获取了专业资质，也是因为湖南省市场监管局把关的公职人员收受了该公司的红包礼金，把关乎安全责任的资质评审变成了走过场。 2021年6月19日，湖南省郴州市汝城县发生一起民房垮塌事故，湖南省委、省政府随即部署开展隐患大排查。然而，不论是长沙市还是望城区，都是以开会、发文取代实际工作，望城区把排查任务推给了街道，街道又把任务推给了社区，社区请了两个没有任何这方面专业知识的人，两天之内就对涉事房屋在内的40栋房屋排查完毕。金山桥街道最终上报的数据称，辖区内房屋安全隐患为零。 “如果有任何一个人认真工作的话，我觉得这个事故都是可以避免的，这不是天灾，就是人祸。”长沙市纪委监委工作人员说。 经党中央批准，中央纪委国家监委对负有领导责任的4名中管干部予以追责问责；湖南省纪委监委对62名省管及以下干部进行追责问责，其中4人涉嫌严重违纪违法被移送司法机关；对此次事故负有责任的20个单位被责令作出书面检查并切实整改。房主吴治勇及房屋设计施工人员、检测公司相关人员等14人，也都将被追究相应法律责任。 事故发生后，国务院办公厅发布《全国自建房安全专项整治工作方案》，推进分类整治，消化存量，力争用3年左右时间完成全部自建房安全隐患整治。各级纪检监察机关聚焦自建房安全隐患摸底排查、分类处置和隐患整改等重点环节，采取抽查台账、谈话了解、参加会议、现场走访等多种方式，督促职能部门压紧压实主体责任、强化红线意识和底线思维，坚决查纠责任落实不闭环、贯彻执行打折扣等问题，推动专项整治工作扎实开展。 生命高于一切，责任重于泰山。“纪检监察机关将持续紧盯安全生产责任制、食品安全责任制、防灾减灾救灾责任制等一系列关乎人民生命财产安全问题的落实情况开展监督检查，对失职渎职导致发生重大公共安全事件的，从严追究有关领导和责任人的责任，通过追责问责层层传导压力，倒逼安全生产责任落实，确保人民安居乐业、社会安定有序、国家长治久安。”中央纪委国家监委机关工作人员田园表示。 作风建设只有进行时，没有完成时。各级纪检监察机关将不断增强抓作风建设的历史自觉和政治担当，紧盯反复性顽固性问题，深挖根源、找准症结，铲除不良作风滋生蔓延的土壤，持续加固中央八项规定堤坝，以实际成效擦亮作风建设“金色名片”，为实现新时代新征程党的使命任务助力护航。,,,3
电视专题片《持续发力 纵深推进》第三集聚焦强化正风肃纪久久为功抓作风,http://www.ccdi.gov.cn/yaowenn/202401/t20240109_320648.html,2024-01-09 06:00,无摘要,中央纪委国家监委网站 李云舒 1月8日晚，电视专题片《持续发力 纵深推进》第三集《强化正风肃纪》播出，讲述纪检监察机关坚持以严的基调正风肃纪，持续深化落实中央八项规定精神、纠治“四风”，推进作风建设常态化长效化。图为专题片第三集视频截图。 “触目惊心，形式主义、官僚主义真的会害死人！”“发人深省，作为一名党员干部，我将从案例中汲取教训，决不能一看了之。” 六名干部在党校学习期间违规饮酒，导致一人酒后死亡；不经调研论证大搞“形象工程”“政绩工程”，造成国有资金巨额损失；居民自建房垮塌，“失管”的违建背后，是形式主义官僚主义作祟……1月8日，电视专题片《持续发力 纵深推进》第三集《强化正风肃纪》播出，片中案例引发热议。 党风问题关系党的生死存亡。制定实施中央八项规定，是我们党在新时代的徙木立信之举，必须常抓不懈、久久为功，直至真正化风成俗，以优良党风引领社风民风。在全面建设社会主义现代化国家、向第二个百年奋斗目标进军的新征程上，必须持之以恒落实中央八项规定精神，驰而不息正风肃纪，让人民群众真切感受到良好党风政风就在身边、社会新风正气就在身边。 紧盯“四风”隐形变异新动向，坚决防止违规吃喝歪风反弹 经过多年努力，作风建设取得显著成效，但也要清醒看到，“四风”问题仍然顽固复杂，顶风违纪问题时有发生，隐形变异行为潜滋暗长，尤其是违规吃喝问题存在较大的反弹风险，其中一些甚至酿成了严重后果。 2023年4月27日，中央纪委国家监委公开通报时任青海省委委员、省政府党组成员、秘书长师存武等6名党员领导干部严重违反中央八项规定精神问题。专题片第三集中，这场“致命酒局”背后的更多细节被披露。 酒局发生在2022年12月11日晚上。当时，党的二十大刚闭幕一个多月，青海省举办党政主要领导干部学习贯彻党的二十大精神培训班。聚餐的发起人是时任青海省政府秘书长师存武，参与人有时任省农业农村厅党组书记、厅长李青川，省文化和旅游厅党组书记、厅长王学文，海北藏族自治州委书记多杰，省国有资产监督管理委员会党委书记、主任洪涛，省交通控股集团有限公司党委书记、董事长陶永利。 约这场局，主要是为了祝贺多杰和洪涛两人被确定为拟提拔考察人选。“自己也很清楚这是不对的，也是违反纪律要求的，但是觉得人的情面大于纪律要求，自己也就破防了。”陶永利在出镜时回忆道。 心存侥幸，明知故犯。师存武利用职权，要求省政府机关食堂专门做了好几道菜，安排司机用公务车送到党校；酒则是李青川让司机送来的，几个人从晚上8点喝到了晚上11点多，拿来的8瓶白酒喝空了7瓶。由于这一晚喝得太多，第二天，意外连续上演。先是李青川心脏病发作后感到不适，却由于喝酒过多神志不清，无法打开自己反锁的宿舍门，只能砸门喊来服务员拆锁；后是师存武因为醉酒酣睡不醒，缺席了上午本应参加的重要会议。而多杰则一直踪影全无，直到服务员感到奇怪，把他的宿舍门打开时才发现人已经去世。 违规吃喝的背后，往往存在着风腐一体的共性问题。随着调查的深入，更多问题暴露出来。调查发现，这6名干部从2011年开始，逐步由工作上的交集，发展到经常在一起吃喝，继而形成了一个相对固定的小圈子，利用手中权力相互请托、各取所需。 “这不仅仅是作风问题，还是违反政治纪律、政治规矩的问题。”青海省纪委监委工作人员的分析一针见血。 当时推杯换盏、弹冠相庆，如今局终人散，痛悔已晚。经审查调查，师存武受到开除党籍、开除公职处分。李青川受到留党察看二年、政务撤职处分，另发现其他违纪违法问题，已采取留置措施。王学文受到撤销党内职务、政务撤职处分，洪涛、陶永利受到留党察看一年、政务撤职处分，相关责任单位和人员也被严肃问责。 在这一案件查处后，青海省纪委监委全面梳理全省违规吃喝问题突出表现，聚焦违规吃喝隐形变异情形，制定印发《全省党员干部违规吃喝“十严禁”》，开通违规吃喝“码上报”监督举报平台，联合公安、市场监管等部门开展明察暗访，并成立省州县三级工作专班，健全问题线索快查快办7项机制，全面起底党的十九大以来全省公职人员涉酒问题线索，建立问题台账，分批次移交各市州纪委监委及有关部门，深挖彻查吃喝背后是否存在利益输送、说情打招呼等问题。 “与去年同期相比，违规吃喝等违反中央八项规定精神问题下降了40%，说明不敢的震慑正在持续放大。”青海省纪委副书记、监委副主任李清明在片中介绍。 为提升作风建设成效，中央纪委国家监委在全国探索实施智慧监督模式，大力推进党风政风监督信息综合平台建设，运用大数据等信息化手段加强预警纠治，全面筛查问题线索，持续加固中央八项规定堤坝。各级纪检监察机关加大纠治享乐主义、奢靡之风力度，对违规收送礼品礼金、违规吃喝等顽瘴痼疾深化专项整治，对用快递和电子手段收送礼、借培训考察名义公款旅游等隐形变异问题早发现早纠治，对风腐一体问题深挖细查，坚决防反弹回潮、防隐形变异、防疲劳厌战。 严肃查处搞“形象工程”“政绩工程”等形式主义、官僚主义问题，以作风建设新成效营造良好发展环境 专题片第三集中，一个镜头让人唏嘘：过去热火朝天的工地，如今空无一人、荒废积水。残存的桩基露出水面，提醒人们这里曾建设过一项大工程——漳州市歌剧院。这是福建省厦门市人大常委会原主任陈家东在担任福建省漳州市委书记期间造成的烂尾项目。 “他之所以搞歌剧院，就是为了贪大求洋，好引人关注。”中央纪委国家监委第六监督检查室副主任王宇光指出。 漳州有着深厚的地方戏曲文化传统，芗剧、潮剧、布袋木偶剧，都深受老百姓喜爱。原本市里规划要建一座戏院，听说戏院要改歌剧院，不少百姓觉得失望。一些干部也提出，歌剧院和本地群众文化需求脱节，而且对设计施工有很高的专业要求，耗资巨大，漳州作为一个三线城市财力有限，没有必要打造这样的地标。然而，陈家东对这些意见置若罔闻，在他的一意孤行之下，歌剧院仅前期设计就耗资2700多万元，主体工程合同价格则高达2亿多元，一旦建成后，还需要高昂的运营维护费用。 坐在办公室“拍脑袋”作决策，项目也就难逃失败的结局。歌剧院项目因不符合当地实际，加上投资规模太大，在陈家东调离漳州后不久就陷入停滞，最终沦为半拉子工程，已经投入的费用有去无回，造成国有资金巨额损失。 而另一个在陈家东在任期间就已经完工的项目，则造成了更大的损失。2013年下半年，陈家东任漳州市委书记后不久，为了早出政绩、快出显绩，提出打造“闽南生态文化走廊”示范段，并按照一比一的比例复制漳州古厝，打造建设6座仿古驿站。依托本地特色打造旅游项目本身不是问题，但陈家东的出发点存在严重偏差，他考虑的不是如何带来长远效益，而是未经调研论证就提出了一个概念方案，并要求在2014年11月花卉博览会开幕前完成建设，好让上级领导看到自己的政绩。 6座仿古驿站，每座规模都相当大，最大的一座占地达6万多平方米，总花费达2.11亿元。然而，这些驿站都是原样复制当地著名古厝，旅游者到了漳州，自然选择去看古建筑本身，而不会来看复制品。从选址上，这6座驿站分散在25公里长的国道沿线，形成不了聚拢效应。外地游客吸引不来，当地老百姓也不愿意选择离主城区遥远的驿站休闲，旅游自然搞不起来。当地一家国企受政府委托管理，好不容易招过来几个商户，很快也都退租了。大多数驿站由此长期荒废闲置，维护成本高昂。 “背弃了人民立场，把党和人民给我的权力当作自己谋私的工具，咎由自取，罪有应得。”陈家东忏悔说。 不正之风和腐败问题互为表里、同根同源。审查调查发现，陈家东也存在违规收受礼品、接受吃请等“四风”问题，还存在利用职权巨额敛财的腐败问题。经法院公开审理，陈家东非法收受财物共计9415万余元；伙同他人共同侵吞国有财产341万余元；造成国有财产损失1.9亿余元，涉嫌受贿罪、贪污罪、滥用职权罪。2023年9月，陈家东被判处无期徒刑，剥夺政治权利终身，并处没收个人全部财产。 2023年以来，中央纪委国家监委连续公开通报一批形式主义、官僚主义典型问题，一些案例中，党员领导干部急功近利、盲目蛮干、热衷于堆盆景，大手笔最后成了大败笔。新修订的《中国共产党纪律处分条例》在总则中要求党组织和党员“切实践行正确的权力观、政绩观、事业观”，在分则政治纪律中充实“党员领导干部政绩观错位，违背新发展理念、背离高质量发展要求”的处分规定，将搞劳民伤财的“形象工程”“政绩工程”行为由违反群众纪律调整到违反政治纪律。 透过现象看本质，形式主义实质是主观主义、功利主义，根源是政绩观错位、责任心缺失，不仅不利于干部自身的成长，更会贻误党和国家事业发展。各级纪检监察机关将持续聚焦纠治不正之风，严肃查处搞“形象工程”“政绩工程”等形式主义、官僚主义问题，以作风建设新成效营造良好发展环境。 聚焦玩忽职守不作为问题，对漠视人民生命、违纪违法者坚决惩处 习近平总书记多次强调，形式主义、官僚主义害死人。一些案例也印证和警醒，形式主义、官僚主义是真的会害死人。 2022年4月29日12点24分，湖南省长沙市望城区金山桥街道的一栋居民自建房忽然下坐式垮塌，造成54人遇难。国务院事故调查组进行调查的同时，中央纪委国家监委和湖南省纪委监委也同步开展追责问责审查调查工作。专题片第三集详细梳理了这场“人祸”发生的来龙去脉。 涉事房屋属于金坪社区盘树湾组，房主是当地居民吴奇生、吴治勇父子，他们先是在2012年盖起了5层楼房、局部6层，2018年又擅自加盖到8层、局部9层，整个过程从未向任何部门报备办证，设计施工找的都是没有专业资质的土师傅，导致房屋结构和建筑质量都存在严重隐患。 当房主安全意识和基本常识极度缺失，监管就显得格外重要。然而，应有的监管却从未落实。2016年以来，党中央、国务院及湖南省委、省政府曾先后6次部署开展专项行动，要求对违建房屋清查整治，切实维护人民生命财产安全。然而这栋夺命建筑，竟然在历次行动中都成了漏网之鱼。 “长期以来我们对自建房从上到下都没有认真对待过，对住建部门、自然资源部门，各方面的相互推诿扯皮，我是有失管失察的责任，我心服口服。”湖南省政府原副省长、曾任长沙市市长的陈文浩面对镜头深刻反省。 相互推诿的思想根源，是都想绕着困难走。望城区位于城乡结合部，居民自建房多、违法扩建加层的多，如果要认真整治，势必要面对纠纷和阻力。一些干部并非不知道大量违法建筑存在安全隐患，却由于畏难，宁可选择性失明。 调查发现，在吴氏父子加盖房屋的过程中，城管执法人员先后有6次巡查发现了吴家在违法施工，但大多只是口头警告，只有1次下达了《责令整改通知书》，要求立即停工并来执法单位约谈。然而，吴氏父子既没有去约谈，还继续偷偷施工。就这样，在光天化日之下，吴家的房子从5层加到了8层。 2020年7月，住建部部署在全国开展为期一年的“两违清查”工作。然而，湖南省住建厅却到9月才转发该通知，长沙市次年1月才印发方案，望城区行动则更是拖沓迟缓，直到2021年6月25日才印发通知。望城区实际上一栋房屋也没排查，却弄虚作假，上报了所谓排查数据。 吴家的违建房租给了更多商户，楼里开起了餐饮店、私人影院、家庭旅馆。获得家庭旅馆经营资格需要经过房屋安全检测，一家名叫湘大工程检测有限公司的机构为这栋问题房屋出具了鉴定报告，表示它“符合安全使用条件”。调查发现，这家极度不负责任的机构，是由长沙市公安局望城分局治安管理大队原副大队长刘万全推荐给辖区内有需要的房主团购的，这背后是刘万全收受了该公司的好处。事实上，湘大公司完全不具备鉴定能力，之所以获取了专业资质，也是因为湖南省市场监管局把关的公职人员收受了该公司的红包礼金，把关乎安全责任的资质评审变成了走过场。 2021年6月19日，湖南省郴州市汝城县发生一起民房垮塌事故，湖南省委、省政府随即部署开展隐患大排查。然而，不论是长沙市还是望城区，都是以开会、发文取代实际工作，望城区把排查任务推给了街道，街道又把任务推给了社区，社区请了两个没有任何这方面专业知识的人，两天之内就对涉事房屋在内的40栋房屋排查完毕。金山桥街道最终上报的数据称，辖区内房屋安全隐患为零。 “如果有任何一个人认真工作的话，我觉得这个事故都是可以避免的，这不是天灾，就是人祸。”长沙市纪委监委工作人员说。 经党中央批准，中央纪委国家监委对负有领导责任的4名中管干部予以追责问责；湖南省纪委监委对62名省管及以下干部进行追责问责，其中4人涉嫌严重违纪违法被移送司法机关；对此次事故负有责任的20个单位被责令作出书面检查并切实整改。房主吴治勇及房屋设计施工人员、检测公司相关人员等14人，也都将被追究相应法律责任。 事故发生后，国务院办公厅发布《全国自建房安全专项整治工作方案》，推进分类整治，消化存量，力争用3年左右时间完成全部自建房安全隐患整治。各级纪检监察机关聚焦自建房安全隐患摸底排查、分类处置和隐患整改等重点环节，采取抽查台账、谈话了解、参加会议、现场走访等多种方式，督促职能部门压紧压实主体责任、强化红线意识和底线思维，坚决查纠责任落实不闭环、贯彻执行打折扣等问题，推动专项整治工作扎实开展。 生命高于一切，责任重于泰山。“纪检监察机关将持续紧盯安全生产责任制、食品安全责任制、防灾减灾救灾责任制等一系列关乎人民生命财产安全问题的落实情况开展监督检查，对失职渎职导致发生重大公共安全事件的，从严追究有关领导和责任人的责任，通过追责问责层层传导压力，倒逼安全生产责任落实，确保人民安居乐业、社会安定有序、国家长治久安。”中央纪委国家监委机关工作人员田园表示。 作风建设只有进行时，没有完成时。各级纪检监察机关将不断增强抓作风建设的历史自觉和政治担当，紧盯反复性顽固性问题，深挖根源、找准症结，铲除不良作风滋生蔓延的土壤，持续加固中央八项规定堤坝，以实际成效擦亮作风建设“金色名片”，为实现新时代新征程党的使命任务助力护航。,,,3
